"method","algorithm","l1_error","fro_error","max_abs_error","rep","n","R","factor_type","weight_type","p","fiber_l1_max","slice_l1_max","experiment","p_scalar","sample_multiplier","hetero_strength","alpha_profile","normalized_fiber_l1_max","normalized_slice_l1_max","normalized_l1","normalized_fro"
"unscaled","no_thinning",0.188079662762794,0.00275425814302277,0.000457944256548954,1,10000,4,"dense_heteroskedastic","balanced","30x30x30",0.0202604483845867,0.131431856684951,"unscaled_thinning_comparison",30,83.3333333333333,50,0.8,18.234403546128,3.94295570054852,1.71692456505245,0.96749809860444
"unscaled","thinning",0.339352640567388,0.00462973871004709,0.000599357805391093,1,10000,4,"dense_heteroskedastic","balanced","30x30x30",0.0202604483845867,0.131431856684951,"unscaled_thinning_comparison",30,83.3333333333333,50,0.8,18.234403546128,3.94295570054852,3.09785160312835,1.62630485829843
"unscaled","no_thinning",0.169356089319901,0.00284217137869294,0.000739600615247309,2,10000,4,"dense_heteroskedastic","balanced","30x30x30",0.01876282333666,0.107779012403587,"unscaled_thinning_comparison",30,83.3333333333333,50,0.8,16.886541002994,3.23337037210761,1.54600250618949,1.03745954642576
"unscaled","thinning",0.295064401116047,0.00470230929435918,0.000642266525647519,2,10000,4,"dense_heteroskedastic","balanced","30x30x30",0.01876282333666,0.107779012403587,"unscaled_thinning_comparison",30,83.3333333333333,50,0.8,16.886541002994,3.23337037210761,2.69355714013353,1.71645373120428
"unscaled","no_thinning",0.151319826417752,0.00227727331253844,0.000322876846943386,3,10000,4,"dense_heteroskedastic","balanced","30x30x30",0.0173437129020088,0.0989986857755223,"unscaled_thinning_comparison",30,83.3333333333333,50,0.8,15.6093416118079,2.96996057326567,1.38135470544615,0.864597793924463
"unscaled","thinning",0.302196311318306,0.00450525823628637,0.000656831827715895,3,10000,4,"dense_heteroskedastic","balanced","30x30x30",0.0173437129020088,0.0989986857755223,"unscaled_thinning_comparison",30,83.3333333333333,50,0.8,15.6093416118079,2.96996057326567,2.75866227506483,1.7104825805082
"unscaled","no_thinning",0.17397101302291,0.00254048943961866,0.000334660848337457,4,10000,4,"dense_heteroskedastic","balanced","30x30x30",0.0145029135962179,0.104809939774529,"unscaled_thinning_comparison",30,83.3333333333333,50,0.8,13.0526222365961,3.14429819323587,1.58813080307788,1.05477485620427
"unscaled","thinning",0.351906395790254,0.00489102430529158,0.000608649808689632,4,10000,4,"dense_heteroskedastic","balanced","30x30x30",0.0145029135962179,0.104809939774529,"unscaled_thinning_comparison",30,83.3333333333333,50,0.8,13.0526222365961,3.14429819323587,3.21245118507772,2.03068329190924
"unscaled","no_thinning",0.1859540396877,0.00257430337563745,0.00032160633469899,5,10000,4,"dense_heteroskedastic","balanced","30x30x30",0.0159919832532675,0.11881627071037,"unscaled_thinning_comparison",30,83.3333333333333,50,0.8,14.3927849279408,3.56448812131111,1.69752036993607,1.01783778097381
"unscaled","thinning",0.320746601462696,0.00430597280319154,0.000562728319093654,5,10000,4,"dense_heteroskedastic","balanced","30x30x30",0.0159919832532675,0.11881627071037,"unscaled_thinning_comparison",30,83.3333333333333,50,0.8,14.3927849279408,3.56448812131111,2.92800248107063,1.70251177247079
"unscaled","no_thinning",0.184663420546404,0.00238929829252574,0.000276024881840234,6,10000,4,"dense_heteroskedastic","balanced","30x30x30",0.0164725059883297,0.105260242466889,"unscaled_thinning_comparison",30,83.3333333333333,50,0.8,14.8252553894968,3.15780727400668,1.68573868298881,0.930808927532813
"unscaled","thinning",0.339411476832169,0.00448525462061627,0.000471323054109579,6,10000,4,"dense_heteroskedastic","balanced","30x30x30",0.0164725059883297,0.105260242466889,"unscaled_thinning_comparison",30,83.3333333333333,50,0.8,14.8252553894968,3.15780727400668,3.09838870228535,1.74733939926525
"unscaled","no_thinning",0.15821957492499,0.00225487898345624,0.00034679377592444,7,10000,4,"dense_heteroskedastic","balanced","30x30x30",0.0156143565418763,0.0956678442632073,"unscaled_thinning_comparison",30,83.3333333333333,50,0.8,14.0529208876887,2.87003532789622,1.44434050375493,0.902258946702358
"unscaled","thinning",0.327666202050396,0.00456675888870299,0.000609200294082084,7,10000,4,"dense_heteroskedastic","balanced","30x30x30",0.0156143565418763,0.0956678442632073,"unscaled_thinning_comparison",30,83.3333333333333,50,0.8,14.0529208876887,2.87003532789622,2.99116950325079,1.82732603168313
"unscaled","no_thinning",0.155013259032924,0.00234253927968218,0.000456970007753198,8,10000,4,"dense_heteroskedastic","balanced","30x30x30",0.0157880354735368,0.0914021160508767,"unscaled_thinning_comparison",30,83.3333333333333,50,0.8,14.2092319261831,2.7420634815263,1.41507097807873,0.932165100867665
"unscaled","thinning",0.282951389807155,0.00395479951428575,0.000632265490837936,8,10000,4,"dense_heteroskedastic","balanced","30x30x30",0.0157880354735368,0.0914021160508767,"unscaled_thinning_comparison",30,83.3333333333333,50,0.8,14.2092319261831,2.7420634815263,2.58298098124693,1.57373074599873
"unscaled","no_thinning",0.204890122142001,0.00296693708870819,0.000510764879850967,9,10000,4,"dense_heteroskedastic","balanced","30x30x30",0.0175260514518797,0.104359977711678,"unscaled_thinning_comparison",30,83.3333333333333,50,0.8,15.7734463066917,3.13079933135034,1.87038236178605,1.12056305780374
"unscaled","thinning",0.383621722274581,0.00518317164615267,0.00068300750754062,9,10000,4,"dense_heteroskedastic","balanced","30x30x30",0.0175260514518797,0.104359977711678,"unscaled_thinning_comparison",30,83.3333333333333,50,0.8,15.7734463066917,3.13079933135034,3.50197118064617,1.95759818805708
"unscaled","no_thinning",0.178907330194859,0.0027152076036686,0.000716727565733784,10,10000,4,"dense_heteroskedastic","balanced","30x30x30",0.0186657429704208,0.108877984881784,"unscaled_thinning_comparison",30,83.3333333333333,50,0.8,16.7991686733787,3.26633954645353,1.63319300751249,0.993688822951577
"unscaled","thinning",0.30169577192866,0.0042061926935401,0.000687352207140265,10,10000,4,"dense_heteroskedastic","balanced","30x30x30",0.0186657429704208,0.108877984881784,"unscaled_thinning_comparison",30,83.3333333333333,50,0.8,16.7991686733787,3.26633954645353,2.75409299648769,1.53934699545778
"unscaled","no_thinning",0.16007063005426,0.00257430894843489,0.000664824810973679,11,10000,4,"dense_heteroskedastic","balanced","30x30x30",0.0164613285499443,0.109431832070089,"unscaled_thinning_comparison",30,83.3333333333333,50,0.8,14.8151956949499,3.28295496210266,1.46123824791305,1.00322472986578
"unscaled","thinning",0.273205995021362,0.00412089137135089,0.000602521831046994,11,10000,4,"dense_heteroskedastic","balanced","30x30x30",0.0164613285499443,0.109431832070089,"unscaled_thinning_comparison",30,83.3333333333333,50,0.8,14.8151956949499,3.28295496210266,2.49401810531407,1.60593783249799
"unscaled","no_thinning",0.19309480417126,0.00272046326209794,0.000481997810084302,12,10000,4,"dense_heteroskedastic","balanced","30x30x30",0.0168605400138966,0.137532497455579,"unscaled_thinning_comparison",30,83.3333333333333,50,0.8,15.1744860125069,4.12597492366737,1.76270633302737,1.04755571297742
"unscaled","thinning",0.348266363650298,0.00468247126305537,0.000732361664207234,12,10000,4,"dense_heteroskedastic","balanced","30x30x30",0.0168605400138966,0.137532497455579,"unscaled_thinning_comparison",30,83.3333333333333,50,0.8,15.1744860125069,4.12597492366737,3.17922238985942,1.80305670390989
"unscaled","no_thinning",0.196512246988895,0.00306459534498974,0.000603365600044534,13,10000,4,"dense_heteroskedastic","balanced","30x30x30",0.0199420919323587,0.132641321144543,"unscaled_thinning_comparison",30,83.3333333333333,50,0.8,17.9478827391228,3.9792396343363,1.79390317503074,1.08507007151075
"unscaled","thinning",0.348876107017062,0.00486590278108833,0.000747336697674837,13,10000,4,"dense_heteroskedastic","balanced","30x30x30",0.0199420919323587,0.132641321144543,"unscaled_thinning_comparison",30,83.3333333333333,50,0.8,17.9478827391228,3.9792396343363,3.18478855979719,1.72285241092982
"unscaled","no_thinning",0.162742535174777,0.00222943951090828,0.000240911425968773,14,10000,4,"dense_heteroskedastic","balanced","30x30x30",0.0113638349202393,0.0908900095308413,"unscaled_thinning_comparison",30,83.3333333333333,50,0.8,10.2274514282153,2.72670028592524,1.48562929301338,1.04569068612686
"unscaled","thinning",0.28829587314198,0.00373149139737544,0.000530038006671351,14,10000,4,"dense_heteroskedastic","balanced","30x30x30",0.0113638349202393,0.0908900095308413,"unscaled_thinning_comparison",30,83.3333333333333,50,0.8,10.2274514282153,2.72670028592524,2.63176921592517,1.75020931516922
"unscaled","no_thinning",0.211667902750214,0.00312024112445547,0.000494886787669813,15,10000,4,"dense_heteroskedastic","balanced","30x30x30",0.0257790404547726,0.130732046847469,"unscaled_thinning_comparison",30,83.3333333333333,50,0.8,23.2011364092954,3.92196140542408,1.9322547506017,0.97168340762902
"unscaled","thinning",0.406521532321114,0.00586461831519111,0.000692992329858332,15,10000,4,"dense_heteroskedastic","balanced","30x30x30",0.0257790404547726,0.130732046847469,"unscaled_thinning_comparison",30,83.3333333333333,50,0.8,23.2011364092954,3.92196140542408,3.71101688939732,1.82631792917701
"unscaled","no_thinning",0.167597671100113,0.00257434454780315,0.00043015823732631,16,10000,4,"dense_heteroskedastic","balanced","30x30x30",0.0210779851203762,0.137742950799722,"unscaled_thinning_comparison",30,83.3333333333333,50,0.8,18.9701866083386,4.13228852399167,1.52995041744773,0.886588573120253
"unscaled","thinning",0.316332739646973,0.00463426372123069,0.000745628641795894,16,10000,4,"dense_heteroskedastic","balanced","30x30x30",0.0210779851203762,0.137742950799722,"unscaled_thinning_comparison",30,83.3333333333333,50,0.8,18.9701866083386,4.13228852399167,2.88770961970093,1.59601218243109
"unscaled","no_thinning",0.186709415849054,0.00266542529585158,0.000329419526955323,17,10000,4,"dense_heteroskedastic","balanced","30x30x30",0.0170690015088269,0.118273714502109,"unscaled_thinning_comparison",30,83.3333333333333,50,0.8,15.3621013579442,3.54821143506326,1.70441597931899,1.02007583841436
"unscaled","thinning",0.286613790160974,0.00406300915413676,0.000643899247577055,17,10000,4,"dense_heteroskedastic","balanced","30x30x30",0.0170690015088269,0.118273714502109,"unscaled_thinning_comparison",30,83.3333333333333,50,0.8,15.3621013579442,3.54821143506326,2.61641396938696,1.55494039763253
"unscaled","no_thinning",0.158185587129152,0.00250183674013186,0.000304619150568912,18,10000,4,"dense_heteroskedastic","balanced","30x30x30",0.0155188475988995,0.121705459937688,"unscaled_thinning_comparison",30,83.3333333333333,50,0.8,13.9669628390095,3.65116379813065,1.44403023904725,1.00415148808253
"unscaled","thinning",0.316053880358626,0.00471504346977978,0.000785762511657245,18,10000,4,"dense_heteroskedastic","balanced","30x30x30",0.0155188475988995,0.121705459937688,"unscaled_thinning_comparison",30,83.3333333333333,50,0.8,13.9669628390095,3.65116379813065,2.88516399432431,1.89245678609054
"unscaled","no_thinning",0.305105989706066,0.00451077012612424,0.000736730319035484,19,10000,4,"dense_heteroskedastic","balanced","30x30x30",0.0217358550832851,0.0962912459327454,"unscaled_thinning_comparison",30,83.3333333333333,50,0.8,19.5622695749566,2.88873737798236,2.78522388319919,1.52979182194758
"unscaled","thinning",0.518542446444388,0.00750468845759089,0.000857140946485779,19,10000,4,"dense_heteroskedastic","balanced","30x30x30",0.0217358550832851,0.0962912459327454,"unscaled_thinning_comparison",30,83.3333333333333,50,0.8,19.5622695749566,2.88873737798236,4.7336232490251,2.54515541862722
"unscaled","no_thinning",0.155869034928239,0.00237363916770124,0.000358070015478007,20,10000,4,"dense_heteroskedastic","balanced","30x30x30",0.0155654944935024,0.103096139522852,"unscaled_thinning_comparison",30,83.3333333333333,50,0.8,14.0089450441522,3.09288418568557,1.42288310744595,0.951268778343895
"unscaled","thinning",0.296590104539562,0.00454661191474168,0.000688249514705013,20,10000,4,"dense_heteroskedastic","balanced","30x30x30",0.0155654944935024,0.103096139522852,"unscaled_thinning_comparison",30,83.3333333333333,50,0.8,14.0089450441522,3.09288418568557,2.70748484315222,1.82211770878753
"unscaled","no_thinning",0.155830405286476,0.00220984270518829,0.000334406799080848,21,10000,4,"dense_heteroskedastic","balanced","30x30x30",0.0109719290575775,0.11548837894073,"unscaled_thinning_comparison",30,83.3333333333333,50,0.8,9.87473615181976,3.46465136822191,1.42253046867625,1.05484796882879
"unscaled","thinning",0.287677655876649,0.00381439898907946,0.000438890319976424,21,10000,4,"dense_heteroskedastic","balanced","30x30x30",0.0109719290575775,0.11548837894073,"unscaled_thinning_comparison",30,83.3333333333333,50,0.8,9.87473615181976,3.46465136822191,2.62612569023082,1.82076806484298
"unscaled","no_thinning",0.168847540033769,0.00237066681005847,0.000342959605786432,22,10000,4,"dense_heteroskedastic","balanced","30x30x30",0.0121479573641676,0.102544627464441,"unscaled_thinning_comparison",30,83.3333333333333,50,0.8,10.9331616277508,3.07633882393323,1.54136010759587,1.07544670760877
"unscaled","thinning",0.310352741999519,0.00412063279590886,0.000541300907405714,22,10000,4,"dense_heteroskedastic","balanced","30x30x30",0.0121479573641676,0.102544627464441,"unscaled_thinning_comparison",30,83.3333333333333,50,0.8,10.9331616277508,3.07633882393323,2.83311995961196,1.86931413340013
"unscaled","no_thinning",0.181209903056777,0.00316145187841514,0.000557543491744647,23,10000,4,"dense_heteroskedastic","balanced","30x30x30",0.0294957635480937,0.196316554494912,"unscaled_thinning_comparison",30,83.3333333333333,50,0.8,26.5461871932843,5.88949663484735,1.65421252579202,0.920400314581112
"unscaled","thinning",0.331899685516772,0.00536192987504912,0.000862853567879615,23,10000,4,"dense_heteroskedastic","balanced","30x30x30",0.0294957635480937,0.196316554494912,"unscaled_thinning_comparison",30,83.3333333333333,50,0.8,26.5461871932843,5.88949663484735,3.02981574310678,1.56103022710916
"unscaled","no_thinning",0.160871155821874,0.00252600453018787,0.000391128452271833,24,10000,4,"dense_heteroskedastic","balanced","30x30x30",0.0126914804589366,0.106089497272686,"unscaled_thinning_comparison",30,83.3333333333333,50,0.8,11.4223324130429,3.18268491818058,1.46854601492615,1.12110938132971
"unscaled","thinning",0.292128434248831,0.00411542243373503,0.000382394704260402,24,10000,4,"dense_heteroskedastic","balanced","30x30x30",0.0126914804589366,0.106089497272686,"unscaled_thinning_comparison",30,83.3333333333333,50,0.8,11.4223324130429,3.18268491818058,2.66675555211249,1.82653619320783
"unscaled","no_thinning",0.156409554367126,0.00227031413689387,0.000360495694962668,25,10000,4,"dense_heteroskedastic","balanced","30x30x30",0.0114511970448348,0.0926088486029536,"unscaled_thinning_comparison",30,83.3333333333333,50,0.8,10.3060773403513,2.77826545808861,1.4278173522701,1.06079267916356
"unscaled","thinning",0.286429145069835,0.00387489397102266,0.000326881505210211,25,10000,4,"dense_heteroskedastic","balanced","30x30x30",0.0114511970448348,0.0926088486029536,"unscaled_thinning_comparison",30,83.3333333333333,50,0.8,10.3060773403513,2.77826545808861,2.6147283980278,1.81052440726092
"unscaled","no_thinning",0.160116943535873,0.0023909849306968,0.000355069049143587,26,10000,4,"dense_heteroskedastic","balanced","30x30x30",0.0142967094420777,0.102630428703493,"unscaled_thinning_comparison",30,83.3333333333333,50,0.8,12.86703849787,3.0789128611048,1.46166103022297,0.999836064401004
"unscaled","thinning",0.301568830474166,0.00430801578205256,0.000538951153823253,26,10000,4,"dense_heteroskedastic","balanced","30x30x30",0.0142967094420777,0.102630428703493,"unscaled_thinning_comparison",30,83.3333333333333,50,0.8,12.86703849787,3.0789128611048,2.75293418485253,1.8014791685239
"unscaled","no_thinning",0.176170575733484,0.00240586800455251,0.0003701629816203,27,10000,4,"dense_heteroskedastic","balanced","30x30x30",0.0188476559975981,0.159441650538577,"unscaled_thinning_comparison",30,83.3333333333333,50,0.8,16.9628903978383,4.78324951615732,1.60820997163169,0.876219930872361
"unscaled","thinning",0.333319235241149,0.00448794617620067,0.000520577132492002,27,10000,4,"dense_heteroskedastic","balanced","30x30x30",0.0188476559975981,0.159441650538577,"unscaled_thinning_comparison",30,83.3333333333333,50,0.8,16.9628903978383,4.78324951615732,3.0427743998658,1.63451522728108
"unscaled","no_thinning",0.170489199370798,0.00235745884516771,0.000346964218008261,28,10000,4,"dense_heteroskedastic","balanced","30x30x30",0.0135304643706687,0.0955872167110178,"unscaled_thinning_comparison",30,83.3333333333333,50,0.8,12.1774179336018,2.86761650133054,1.5563463384397,1.01334603656356
"unscaled","thinning",0.28409001667319,0.0039168022649768,0.00050462664713386,28,10000,4,"dense_heteroskedastic","balanced","30x30x30",0.0135304643706687,0.0955872167110178,"unscaled_thinning_comparison",30,83.3333333333333,50,0.8,12.1774179336018,2.86761650133054,2.59337517489875,1.68362474677051
"unscaled","no_thinning",0.18087501437682,0.00295611879161996,0.000410300361780931,29,10000,4,"dense_heteroskedastic","balanced","30x30x30",0.0183297646187296,0.129240714008162,"unscaled_thinning_comparison",30,83.3333333333333,50,0.8,16.4967881568566,3.87722142024486,1.65115542438759,1.09172546997881
"unscaled","thinning",0.314673037843338,0.0049488856340527,0.00071628971757932,29,10000,4,"dense_heteroskedastic","balanced","30x30x30",0.0183297646187296,0.129240714008162,"unscaled_thinning_comparison",30,83.3333333333333,50,0.8,16.4967881568566,3.87722142024486,2.87255868442455,1.82767502781808
"unscaled","no_thinning",0.171218341939966,0.00248060938122608,0.000372985957319696,30,10000,4,"dense_heteroskedastic","balanced","30x30x30",0.0141356030406365,0.106809353486294,"unscaled_thinning_comparison",30,83.3333333333333,50,0.8,12.7220427365728,3.20428060458882,1.56300246898587,1.04320873724263
"unscaled","thinning",0.285703202928651,0.00376039660417346,0.000427461719280081,30,10000,4,"dense_heteroskedastic","balanced","30x30x30",0.0141356030406365,0.106809353486294,"unscaled_thinning_comparison",30,83.3333333333333,50,0.8,12.7220427365728,3.20428060458882,2.6081014832583,1.58141730119246
"unscaled","no_thinning",0.119333338533996,0.00185282486329126,0.000347315374378963,1,30000,4,"dense_heteroskedastic","balanced","30x30x30",0.0212680355138831,0.113562438407046,"unscaled_thinning_comparison",30,250,50,0.8,19.1412319624948,3.40687315221138,1.88682575279683,1.10027517229295
"unscaled","thinning",0.204163809588358,0.00307758985304901,0.000554567182776203,1,30000,4,"dense_heteroskedastic","balanced","30x30x30",0.0212680355138831,0.113562438407046,"unscaled_thinning_comparison",30,250,50,0.8,19.1412319624948,3.40687315221138,3.22811327038068,1.82758541991684
"unscaled","no_thinning",0.128235665883065,0.00197901143085195,0.000414110536070108,2,30000,4,"dense_heteroskedastic","balanced","30x30x30",0.0230946441008248,0.155983609670744,"unscaled_thinning_comparison",30,250,50,0.8,20.7851796907423,4.67950829012232,2.02758390729417,1.1277771665554
"unscaled","thinning",0.21656689558826,0.00330077987403541,0.000495700223117622,2,30000,4,"dense_heteroskedastic","balanced","30x30x30",0.0230946441008248,0.155983609670744,"unscaled_thinning_comparison",30,250,50,0.8,20.7851796907423,4.67950829012232,3.42422327925386,1.88101196169454
"unscaled","no_thinning",0.0981694695801302,0.00167280200264966,0.000333441106929453,3,30000,4,"dense_heteroskedastic","balanced","30x30x30",0.0226776218898324,0.110701437710039,"unscaled_thinning_comparison",30,250,50,0.8,20.4098597008492,3.32104313130119,1.55219560281913,0.962002978063369
"unscaled","thinning",0.185365817654206,0.00289419971352801,0.000558078731602905,3,30000,4,"dense_heteroskedastic","balanced","30x30x30",0.0226776218898324,0.110701437710039,"unscaled_thinning_comparison",30,250,50,0.8,20.4098597008492,3.32104313130119,2.9308909206337,1.66441021657912
"unscaled","no_thinning",0.0913983596656732,0.00125410260334256,0.000167371351337857,4,30000,4,"dense_heteroskedastic","balanced","30x30x30",0.0156885932075573,0.0934170511496354,"unscaled_thinning_comparison",30,250,50,0.8,14.1197338868016,2.80251153448906,1.44513495473397,0.867105018858964
"unscaled","thinning",0.163317795342739,0.00217117128128125,0.000299809888243282,4,30000,4,"dense_heteroskedastic","balanced","30x30x30",0.0156885932075573,0.0934170511496354,"unscaled_thinning_comparison",30,250,50,0.8,14.1197338868016,2.80251153448906,2.58228107860147,1.5011798155778
"unscaled","no_thinning",0.125371691651451,0.00182654215063339,0.000339902195848151,5,30000,4,"dense_heteroskedastic","balanced","30x30x30",0.0219008301129605,0.129381259189444,"unscaled_thinning_comparison",30,250,50,0.8,19.7107471016644,3.88143777568332,1.9823004986345,1.06888268591354
"unscaled","thinning",0.203815749875414,0.00288909411330722,0.000398033087283244,5,30000,4,"dense_heteroskedastic","balanced","30x30x30",0.0219008301129605,0.129381259189444,"unscaled_thinning_comparison",30,250,50,0.8,19.7107471016644,3.88143777568332,3.22260996310744,1.6906824047931
"unscaled","no_thinning",0.0966789960769828,0.0012598522191909,0.00013604340813705,6,30000,4,"dense_heteroskedastic","balanced","30x30x30",0.0123029457318921,0.107730706783222,"unscaled_thinning_comparison",30,250,50,0.8,11.0726511587029,3.23192120349665,1.52862914750874,0.983661520780812
"unscaled","thinning",0.17160014021941,0.0022364423706719,0.000211699510819982,6,30000,4,"dense_heteroskedastic","balanced","30x30x30",0.0123029457318921,0.107730706783222,"unscaled_thinning_comparison",30,250,50,0.8,11.0726511587029,3.23192120349665,2.713236449488,1.74615900973415
"unscaled","no_thinning",0.0871307659545685,0.0013946221588728,0.000239397709217914,7,30000,4,"dense_heteroskedastic","balanced","30x30x30",0.0192326296647678,0.0967116742003551,"unscaled_thinning_comparison",30,250,50,0.8,17.3093666982911,2.90135022601065,1.37765837345746,0.870899133577782
"unscaled","thinning",0.178560240864362,0.00267807481875132,0.000303680094252878,7,30000,4,"dense_heteroskedastic","balanced","30x30x30",0.0192326296647678,0.0967116742003551,"unscaled_thinning_comparison",30,250,50,0.8,17.3093666982911,2.90135022601065,2.82328530339829,1.67237629523404
"unscaled","no_thinning",0.0977769949934251,0.00145291849281884,0.000249107658714734,8,30000,4,"dense_heteroskedastic","balanced","30x30x30",0.0120143169898818,0.109140761929409,"unscaled_thinning_comparison",30,250,50,0.8,10.8128852908936,3.27422285788227,1.54599003473052,1.14794832857994
"unscaled","thinning",0.182241536321027,0.00262159994166416,0.000273948385121842,8,30000,4,"dense_heteroskedastic","balanced","30x30x30",0.0120143169898818,0.109140761929409,"unscaled_thinning_comparison",30,250,50,0.8,10.8128852908936,3.27422285788227,2.88149169531373,2.07132147199802
"unscaled","no_thinning",0.0937615549920741,0.00122761638236567,0.000192080925455934,9,30000,4,"dense_heteroskedastic","balanced","30x30x30",0.0115010896245593,0.0881652059642692,"unscaled_thinning_comparison",30,250,50,0.8,10.3509806621033,2.64495617892807,1.48250035367042,0.99134270067467
"unscaled","thinning",0.173486427217435,0.0021463514686643,0.000215275428114456,9,30000,4,"dense_heteroskedastic","balanced","30x30x30",0.0115010896245593,0.0881652059642692,"unscaled_thinning_comparison",30,250,50,0.8,10.3509806621033,2.64495617892807,2.74306126566061,1.73325306839129
"unscaled","no_thinning",0.102867617492494,0.00164021984028374,0.000269821981422154,10,30000,4,"dense_heteroskedastic","balanced","30x30x30",0.0207575982039843,0.109340456721255,"unscaled_thinning_comparison",30,250,50,0.8,18.6818383835859,3.28021370163765,1.6264798437563,0.985925596663057
"unscaled","thinning",0.167992035241354,0.00260661141639705,0.00031600590605931,10,30000,4,"dense_heteroskedastic","balanced","30x30x30",0.0207575982039843,0.109340456721255,"unscaled_thinning_comparison",30,250,50,0.8,18.6818383835859,3.28021370163765,2.65618730064976,1.56681735756557
"unscaled","no_thinning",0.114105890080233,0.00161932038537027,0.000163018475059008,11,30000,4,"dense_heteroskedastic","balanced","30x30x30",0.0165080780487253,0.112161378146817,"unscaled_thinning_comparison",30,250,50,0.8,14.8572702438528,3.36484134440452,1.80417253547174,1.09147843149267
"unscaled","thinning",0.185959366425676,0.00255693610778579,0.000389728260299556,11,30000,4,"dense_heteroskedastic","balanced","30x30x30",0.0165080780487253,0.112161378146817,"unscaled_thinning_comparison",30,250,50,0.8,14.8572702438528,3.36484134440452,2.94027575073491,1.72346413814512
"unscaled","no_thinning",0.122450345429692,0.00170781876865037,0.000217689837488109,12,30000,4,"dense_heteroskedastic","balanced","30x30x30",0.0157404502275399,0.128072108684319,"unscaled_thinning_comparison",30,250,50,0.8,14.166405204786,3.84216326052958,1.93610995916108,1.17886436125491
"unscaled","thinning",0.199727409398582,0.00262904739021009,0.000277626027936559,12,30000,4,"dense_heteroskedastic","balanced","30x30x30",0.0157404502275399,0.128072108684319,"unscaled_thinning_comparison",30,250,50,0.8,14.166405204786,3.84216326052958,3.15796762432219,1.81476531893262
"unscaled","no_thinning",0.0990440096385281,0.00147796156238514,0.000382921557088707,13,30000,4,"dense_heteroskedastic","balanced","30x30x30",0.0149287064742887,0.104460417097946,"unscaled_thinning_comparison",30,250,50,0.8,13.4358358268598,3.13381251293837,1.5660232952671,1.04756910472607
"unscaled","thinning",0.175770089154431,0.00243110668551771,0.000479892538277243,13,30000,4,"dense_heteroskedastic","balanced","30x30x30",0.0149287064742887,0.104460417097946,"unscaled_thinning_comparison",30,250,50,0.8,13.4358358268598,3.13381251293837,2.7791691312943,1.72315188625839
"unscaled","no_thinning",0.0948727697769066,0.00126887966286441,0.000157125083054266,14,30000,4,"dense_heteroskedastic","balanced","30x30x30",0.0143379529903028,0.102555480949441,"unscaled_thinning_comparison",30,250,50,0.8,12.9041576912725,3.07666442848323,1.50007020211905,0.917714285922122
"unscaled","thinning",0.180075688766743,0.00227056438092765,0.000337588352727739,14,30000,4,"dense_heteroskedastic","balanced","30x30x30",0.0143379529903028,0.102555480949441,"unscaled_thinning_comparison",30,250,50,0.8,12.9041576912725,3.07666442848323,2.84724663863253,1.64218044505446
"unscaled","no_thinning",0.104927388179532,0.00163889039243726,0.000265835315489082,15,30000,4,"dense_heteroskedastic","balanced","30x30x30",0.0162691015630114,0.135268616585605,"unscaled_thinning_comparison",30,250,50,0.8,14.6421914067102,4.05805849756814,1.65904767789976,1.11275295391667
"unscaled","thinning",0.195053562596489,0.0030740240512764,0.000359538855402655,15,30000,4,"dense_heteroskedastic","balanced","30x30x30",0.0162691015630114,0.135268616585605,"unscaled_thinning_comparison",30,250,50,0.8,14.6421914067102,4.05805849756814,3.08406761767566,2.08716175239867
"unscaled","no_thinning",0.0982211591570433,0.00156983325573557,0.00026175009456666,16,30000,4,"dense_heteroskedastic","balanced","30x30x30",0.0176650360844856,0.0985645807547815,"unscaled_thinning_comparison",30,250,50,0.8,15.898532476037,2.95693742264344,1.5530128867908,1.02288519384699
"unscaled","thinning",0.178461148069584,0.00286357420356366,0.000460950309531644,16,30000,4,"dense_heteroskedastic","balanced","30x30x30",0.0176650360844856,0.0985645807547815,"unscaled_thinning_comparison",30,250,50,0.8,15.898532476037,2.95693742264344,2.82171850874223,1.86587183295144
"unscaled","no_thinning",0.0890020944910664,0.00145951259615378,0.000244150673102431,17,30000,4,"dense_heteroskedastic","balanced","30x30x30",0.0189424241501459,0.0971309476255987,"unscaled_thinning_comparison",30,250,50,0.8,17.0481817351313,2.91392842876796,1.40724667558647,0.918376369983215
"unscaled","thinning",0.171032450418719,0.00258276795739944,0.000406152646055872,17,30000,4,"dense_heteroskedastic","balanced","30x30x30",0.0189424241501459,0.0971309476255987,"unscaled_thinning_comparison",30,250,50,0.8,17.0481817351313,2.91392842876796,2.70426048561485,1.62516792761927
"unscaled","no_thinning",0.107183673624428,0.00173353307273461,0.000323527867429282,18,30000,4,"dense_heteroskedastic","balanced","30x30x30",0.0201180697826276,0.11676089069465,"unscaled_thinning_comparison",30,250,50,0.8,18.1062628043648,3.50282672083951,1.69472268318653,1.05844819885175
"unscaled","thinning",0.20415985946544,0.00300839170194486,0.000287863932047053,18,30000,4,"dense_heteroskedastic","balanced","30x30x30",0.0201180697826276,0.11676089069465,"unscaled_thinning_comparison",30,250,50,0.8,18.1062628043648,3.50282672083951,3.22805081345339,1.83684224341969
"unscaled","no_thinning",0.0908219004933839,0.00148367219707032,0.000211517242724375,19,30000,4,"dense_heteroskedastic","balanced","30x30x30",0.0170308685010643,0.100251417870137,"unscaled_thinning_comparison",30,250,50,0.8,15.3277816509579,3.00754253610411,1.43602033492132,0.984578147020538
"unscaled","thinning",0.17002550340549,0.00287104852472832,0.000364521898317659,19,30000,4,"dense_heteroskedastic","balanced","30x30x30",0.0170308685010643,0.100251417870137,"unscaled_thinning_comparison",30,250,50,0.8,15.3277816509579,3.00754253610411,2.68833925539032,1.90525349336925
"unscaled","no_thinning",0.099249116046835,0.0016273812031672,0.000339423450967554,20,30000,4,"dense_heteroskedastic","balanced","30x30x30",0.0147239643704873,0.120355874647734,"unscaled_thinning_comparison",30,250,50,0.8,13.2515679334386,3.61067623943203,1.56926631233183,1.16146880042613
"unscaled","thinning",0.190882363241835,0.00289975180835176,0.000495961339291867,20,30000,4,"dense_heteroskedastic","balanced","30x30x30",0.0147239643704873,0.120355874647734,"unscaled_thinning_comparison",30,250,50,0.8,13.2515679334386,3.61067623943203,3.018115164999,2.06956504586945
"unscaled","no_thinning",0.100440217494922,0.00155860252536898,0.000185542714735886,21,30000,4,"dense_heteroskedastic","balanced","30x30x30",0.0151519560460367,0.10468073541212,"unscaled_thinning_comparison",30,250,50,0.8,13.6367604414331,3.14042206236359,1.58809927983322,1.09655812296627
"unscaled","thinning",0.197304213082801,0.0028448101934487,0.000332123464677251,21,30000,4,"dense_heteroskedastic","balanced","30x30x30",0.0151519560460367,0.10468073541212,"unscaled_thinning_comparison",30,250,50,0.8,13.6367604414331,3.14042206236359,3.11965352644421,2.00147226451139
"unscaled","no_thinning",0.0994160830398795,0.00167343529445959,0.000298641674204124,22,30000,4,"dense_heteroskedastic","balanced","30x30x30",0.0157305477552309,0.107377259308113,"unscaled_thinning_comparison",30,250,50,0.8,14.1574929797078,3.2213177792434,1.57190629229228,1.15549383688644
"unscaled","thinning",0.162124517966572,0.00252603004468019,0.000318646958133857,22,30000,4,"dense_heteroskedastic","balanced","30x30x30",0.0157305477552309,0.107377259308113,"unscaled_thinning_comparison",30,250,50,0.8,14.1574929797078,3.2213177792434,2.56341370665629,1.74420376938478
"unscaled","no_thinning",0.093641272610699,0.00130218464612599,0.000162193988795464,23,30000,4,"dense_heteroskedastic","balanced","30x30x30",0.0145850763351237,0.116766203153333,"unscaled_thinning_comparison",30,250,50,0.8,13.1265687016113,3.50298609459998,1.48059852223275,0.933789204578576
"unscaled","thinning",0.174480582824475,0.00228770902029447,0.000233881089745716,23,30000,4,"dense_heteroskedastic","balanced","30x30x30",0.0145850763351237,0.116766203153333,"unscaled_thinning_comparison",30,250,50,0.8,13.1265687016113,3.50298609459998,2.75878024599498,1.64050312889446
"unscaled","no_thinning",0.110007386014508,0.0015914217744772,0.000296634721611539,24,30000,4,"dense_heteroskedastic","balanced","30x30x30",0.0201938413637425,0.103563547255814,"unscaled_thinning_comparison",30,250,50,0.8,18.1744572273682,3.10690641767441,1.73936949623599,0.969854214860797
"unscaled","thinning",0.201119530228978,0.00286070745610394,0.000448539704391863,24,30000,4,"dense_heteroskedastic","balanced","30x30x30",0.0201938413637425,0.103563547255814,"unscaled_thinning_comparison",30,250,50,0.8,18.1744572273682,3.10690641767441,3.17997898733327,1.7433902365057
"unscaled","no_thinning",0.102399180837515,0.00160902651571374,0.000198561895865286,25,30000,4,"dense_heteroskedastic","balanced","30x30x30",0.0163551009789608,0.12489291762164,"unscaled_thinning_comparison",30,250,50,0.8,14.7195908810648,3.74678752864921,1.61907320991008,1.08960030919855
"unscaled","thinning",0.209922672753107,0.00300034478339907,0.000425601547085774,25,30000,4,"dense_heteroskedastic","balanced","30x30x30",0.0163551009789608,0.12489291762164,"unscaled_thinning_comparison",30,250,50,0.8,14.7195908810648,3.74678752864921,3.31916889204994,2.03177298308458
"unscaled","no_thinning",0.0826014284338403,0.00125881981452636,0.000220855862008822,26,30000,4,"dense_heteroskedastic","balanced","30x30x30",0.0128947213077099,0.100260385165627,"unscaled_thinning_comparison",30,250,50,0.8,11.6052491769389,3.0078115549688,1.30604325917165,0.960037554347417
"unscaled","thinning",0.158882523631249,0.0022708211321953,0.000363240033929191,26,30000,4,"dense_heteroskedastic","balanced","30x30x30",0.0128947213077099,0.100260385165627,"unscaled_thinning_comparison",30,250,50,0.8,11.6052491769389,3.0078115549688,2.51215327535137,1.7318392520962
"unscaled","no_thinning",0.0991994723136042,0.00143334119242004,0.000246124081128002,27,30000,4,"dense_heteroskedastic","balanced","30x30x30",0.0188773050779474,0.0910407204671014,"unscaled_thinning_comparison",30,250,50,0.8,16.9895745701526,2.73122161401304,1.56848137598901,0.903462677921606
"unscaled","thinning",0.170987049043469,0.00225681486022245,0.000223502230925769,27,30000,4,"dense_heteroskedastic","balanced","30x30x30",0.0188773050779474,0.0910407204671014,"unscaled_thinning_comparison",30,250,50,0.8,16.9895745701526,2.73122161401304,2.70354262684139,1.42251405874083
"unscaled","no_thinning",0.0883369680484009,0.00129489723693385,0.000152875732146023,28,30000,4,"dense_heteroskedastic","balanced","30x30x30",0.0193256700324979,0.118356825105245,"unscaled_thinning_comparison",30,250,50,0.8,17.3931030292481,3.55070475315734,1.39673010313233,0.80667510784764
"unscaled","thinning",0.164869220363443,0.00227575833969709,0.000272081055400659,28,30000,4,"dense_heteroskedastic","balanced","30x30x30",0.0193256700324979,0.118356825105245,"unscaled_thinning_comparison",30,250,50,0.8,17.3931030292481,3.55070475315734,2.60681126202347,1.4177168286012
"unscaled","no_thinning",0.106025998521827,0.00153690126066122,0.000190455668903518,29,30000,4,"dense_heteroskedastic","balanced","30x30x30",0.0194741826648443,0.139189429111207,"unscaled_thinning_comparison",30,250,50,0.8,17.5267643983599,4.1756828733362,1.67641823261309,0.953777293209738
"unscaled","thinning",0.186963666387104,0.00253056992562435,0.000283130850326058,29,30000,4,"dense_heteroskedastic","balanced","30x30x30",0.0194741826648443,0.139189429111207,"unscaled_thinning_comparison",30,250,50,0.8,17.5267643983599,4.1756828733362,2.95615512739556,1.57043278948288
"unscaled","no_thinning",0.104138918811671,0.00158918645460164,0.000264600734334581,30,30000,4,"dense_heteroskedastic","balanced","30x30x30",0.0173922639692398,0.132093999972026,"unscaled_thinning_comparison",30,250,50,0.8,15.6530375723158,3.96281999916079,1.64658088256117,1.04358403675917
"unscaled","thinning",0.176862242109794,0.00282914938844813,0.000630186268113408,30,30000,4,"dense_heteroskedastic","balanced","30x30x30",0.0173922639692398,0.132093999972026,"unscaled_thinning_comparison",30,250,50,0.8,15.6530375723158,3.96281999916079,2.79643758575546,1.8578406145121
"unscaled","no_thinning",0.0574156341548428,0.000810792367165252,0.000143808804521074,1,100000,4,"dense_heteroskedastic","balanced","30x30x30",0.0131174750768332,0.104227086488194,"unscaled_thinning_comparison",30,833.333333333333,50,0.8,11.8057275691499,3.12681259464581,1.65744659174958,1.11932069137599
"unscaled","thinning",0.0966768295902617,0.00129871373577745,0.000202573537642895,1,100000,4,"dense_heteroskedastic","balanced","30x30x30",0.0131174750768332,0.104227086488194,"unscaled_thinning_comparison",30,833.333333333333,50,0.8,11.8057275691499,3.12681259464581,2.79081967941686,1.79290927677621
"unscaled","no_thinning",0.0618113945786642,0.000998234044437304,0.000252806967402656,2,100000,4,"dense_heteroskedastic","balanced","30x30x30",0.0198652422265155,0.147711382073721,"unscaled_thinning_comparison",30,833.333333333333,50,0.8,17.8787180038639,4.43134146221163,1.7843412649489,1.11983864092053
"unscaled","thinning",0.107536191842074,0.00159263815153228,0.000237852466583333,2,100000,4,"dense_heteroskedastic","balanced","30x30x30",0.0198652422265155,0.147711382073721,"unscaled_thinning_comparison",30,833.333333333333,50,0.8,17.8787180038639,4.43134146221163,3.10430246538243,1.78665289270457
"unscaled","no_thinning",0.0570703237273883,0.000970019686472864,0.000244515661589022,3,100000,4,"dense_heteroskedastic","balanced","30x30x30",0.0301618547556979,0.133205547997994,"unscaled_thinning_comparison",30,833.333333333333,50,0.8,27.1456692801281,3.99616643993982,1.64747833833734,0.883123680959109
"unscaled","thinning",0.102065388483518,0.0017064385348666,0.000461689075345476,3,100000,4,"dense_heteroskedastic","balanced","30x30x30",0.0301618547556979,0.133205547997994,"unscaled_thinning_comparison",30,833.333333333333,50,0.8,27.1456692801281,3.99616643993982,2.94637397579514,1.55357288234172
"unscaled","no_thinning",0.0636019461824223,0.000858115128013152,9.78688484704628e-05,4,100000,4,"dense_heteroskedastic","balanced","30x30x30",0.0179030334644795,0.155979221068027,"unscaled_thinning_comparison",30,833.333333333333,50,0.8,16.1127301180316,4.67937663204082,1.83603003747028,1.01403337911119
"unscaled","thinning",0.116391777287265,0.0015312834584729,0.000158492148957587,4,100000,4,"dense_heteroskedastic","balanced","30x30x30",0.0179030334644795,0.155979221068027,"unscaled_thinning_comparison",30,833.333333333333,50,0.8,16.1127301180316,4.67937663204082,3.35994119741306,1.80951540076862
"unscaled","no_thinning",0.0520311948995681,0.000764183305481391,0.000141962905420453,5,100000,4,"dense_heteroskedastic","balanced","30x30x30",0.0150693362786601,0.0973347395101131,"unscaled_thinning_comparison",30,833.333333333333,50,0.8,13.5624026507941,2.92004218530339,1.50201121907618,0.984284141354075
"unscaled","thinning",0.096128651224074,0.00136377959093823,0.000155284688110716,5,100000,4,"dense_heteroskedastic","balanced","30x30x30",0.0150693362786601,0.0973347395101131,"unscaled_thinning_comparison",30,833.333333333333,50,0.8,13.5624026507941,2.92004218530339,2.77499513305274,1.75657674544099
"unscaled","no_thinning",0.0698519773365792,0.00120762340901893,0.000204893069408892,6,100000,4,"dense_heteroskedastic","balanced","30x30x30",0.0216370190734675,0.134150588542215,"unscaled_thinning_comparison",30,833.333333333333,50,0.8,19.4733171661208,4.02451765626644,2.01645289593508,1.29808404912669
"unscaled","thinning",0.111549249598311,0.00177974861759722,0.00021729923203738,6,100000,4,"dense_heteroskedastic","balanced","30x30x30",0.0216370190734675,0.134150588542215,"unscaled_thinning_comparison",30,833.333333333333,50,0.8,19.4733171661208,4.02451765626644,3.22014946417427,1.91306600609463
"unscaled","no_thinning",0.0585428428574278,0.000811454580682794,9.15057616878983e-05,7,100000,4,"dense_heteroskedastic","balanced","30x30x30",0.0115250196290329,0.0947176887428941,"unscaled_thinning_comparison",30,833.333333333333,50,0.8,10.3725176661296,2.84153066228682,1.6899863041431,1.19512514438003
"unscaled","thinning",0.0981338959583637,0.00132049757325681,0.000132767967651581,7,100000,4,"dense_heteroskedastic","balanced","30x30x30",0.0115250196290329,0.0947176887428941,"unscaled_thinning_comparison",30,833.333333333333,50,0.8,10.3725176661296,2.84153066228682,2.8328815624094,1.94485297200995
"unscaled","no_thinning",0.0574247317084251,0.000845482733749907,0.000111490960018812,8,100000,4,"dense_heteroskedastic","balanced","30x30x30",0.017735587879947,0.108073332477309,"unscaled_thinning_comparison",30,833.333333333333,50,0.8,15.9620290919523,3.24219997431926,1.65770921550006,1.00381100587626
"unscaled","thinning",0.104219051258053,0.00153329618494841,0.000351707409970735,8,100000,4,"dense_heteroskedastic","balanced","30x30x30",0.017735587879947,0.108073332477309,"unscaled_thinning_comparison",30,833.333333333333,50,0.8,15.9620290919523,3.24219997431926,3.00854486492623,1.82042698718738
"unscaled","no_thinning",0.0581613796374049,0.000921166190005947,0.000265332224023461,9,100000,4,"dense_heteroskedastic","balanced","30x30x30",0.0188146814404855,0.131779263507123,"unscaled_thinning_comparison",30,833.333333333333,50,0.8,16.933213296437,3.95337790521368,1.67897440950479,1.06184116790781
"unscaled","thinning",0.102831558399577,0.00155826557918216,0.000455148676182005,9,100000,4,"dense_heteroskedastic","balanced","30x30x30",0.0188146814404855,0.131779263507123,"unscaled_thinning_comparison",30,833.333333333333,50,0.8,16.933213296437,3.95337790521368,2.96849139615922,1.79623455621905
"unscaled","no_thinning",0.0555063994089929,0.00081092346875446,9.93086777481885e-05,10,100000,4,"dense_heteroskedastic","balanced","30x30x30",0.0246153867080509,0.132964527959921,"unscaled_thinning_comparison",30,833.333333333333,50,0.8,22.1538480372458,3.98893583879762,1.60233173202645,0.817234217666941
"unscaled","thinning",0.101115743855621,0.00144089868803245,0.000248893932737311,10,100000,4,"dense_heteroskedastic","balanced","30x30x30",0.0246153867080509,0.132964527959921,"unscaled_thinning_comparison",30,833.333333333333,50,0.8,22.1538480372458,3.98893583879762,2.9189600967176,1.45211201478751
"unscaled","no_thinning",0.0507622141211861,0.000716849641570925,0.00012175627649475,11,100000,4,"dense_heteroskedastic","balanced","30x30x30",0.0166477265555723,0.110038026040999,"unscaled_thinning_comparison",30,833.333333333333,50,0.8,14.9829539000151,3.30114078122997,1.46537889937641,0.878457206273038
"unscaled","thinning",0.104150845454201,0.00138863464313607,0.000218714016213302,11,100000,4,"dense_heteroskedastic","balanced","30x30x30",0.0166477265555723,0.110038026040999,"unscaled_thinning_comparison",30,833.333333333333,50,0.8,14.9829539000151,3.30114078122997,3.00657593296551,1.70169033839516
"unscaled","no_thinning",0.0481140186995681,0.000705345494839365,9.11371542194452e-05,12,100000,4,"dense_heteroskedastic","balanced","30x30x30",0.0205845439077911,0.11607061506432,"unscaled_thinning_comparison",30,833.333333333333,50,0.8,18.526089517012,3.48211845192961,1.38893208239952,0.777322567948948
"unscaled","thinning",0.0990267308296142,0.00140814892658376,0.000146194636772712,12,100000,4,"dense_heteroskedastic","balanced","30x30x30",0.0205845439077911,0.11607061506432,"unscaled_thinning_comparison",30,833.333333333333,50,0.8,18.526089517012,3.48211845192961,2.85865548507232,1.55184366764252
"unscaled","no_thinning",0.0500939265219668,0.000703019335407078,0.000138313029574742,13,100000,4,"dense_heteroskedastic","balanced","30x30x30",0.0151402840548464,0.0999250706796854,"unscaled_thinning_comparison",30,833.333333333333,50,0.8,13.6262556493617,2.99775212039056,1.44608709811114,0.903379565255528
"unscaled","thinning",0.0981157841735119,0.00134781224973177,0.000255279141736108,13,100000,4,"dense_heteroskedastic","balanced","30x30x30",0.0151402840548464,0.0999250706796854,"unscaled_thinning_comparison",30,833.333333333333,50,0.8,13.6262556493617,2.99775212039056,2.83235872021642,1.73193820267224
"unscaled","no_thinning",0.0555438052524157,0.000845898806834457,0.000130318823890918,14,100000,4,"dense_heteroskedastic","balanced","30x30x30",0.0180532828784571,0.140070198040096,"unscaled_thinning_comparison",30,833.333333333333,50,0.8,16.2479545906114,4.20210594120288,1.60341154571492,0.995429078257227
"unscaled","thinning",0.101395313988735,0.00142492302985692,0.000294285780003922,14,100000,4,"dense_heteroskedastic","balanced","30x30x30",0.0180532828784571,0.140070198040096,"unscaled_thinning_comparison",30,833.333333333333,50,0.8,16.2479545906114,4.20210594120288,2.92703059129815,1.67680791926634
"unscaled","no_thinning",0.05755741791027,0.000795865965532766,0.000100626427337406,15,100000,4,"dense_heteroskedastic","balanced","30x30x30",0.0191957240721086,0.109099577443451,"unscaled_thinning_comparison",30,833.333333333333,50,0.8,17.2761516648977,3.27298732330354,1.66153953621771,0.908254771197719
"unscaled","thinning",0.107383550162593,0.00144765956865955,0.000148842730903976,15,100000,4,"dense_heteroskedastic","balanced","30x30x30",0.0191957240721086,0.109099577443451,"unscaled_thinning_comparison",30,833.333333333333,50,0.8,17.2761516648977,3.27298732330354,3.09989607964553,1.65209189392198
"unscaled","no_thinning",0.053525906465525,0.000804465574259146,0.000112327149464014,16,100000,4,"dense_heteroskedastic","balanced","30x30x30",0.0160063863938671,0.116236111810986,"unscaled_thinning_comparison",30,833.333333333333,50,0.8,14.4057477544804,3.48708335432959,1.54515982532448,1.0053813390541
"unscaled","thinning",0.0999655896056404,0.00144009446932214,0.00014233712632721,16,100000,4,"dense_heteroskedastic","balanced","30x30x30",0.0160063863938671,0.116236111810986,"unscaled_thinning_comparison",30,833.333333333333,50,0.8,14.4057477544804,3.48708335432959,2.88575800342581,1.7997589359431
"unscaled","no_thinning",0.0527382318003056,0.000729435361176958,0.000129816685433688,17,100000,4,"dense_heteroskedastic","balanced","30x30x30",0.0167071465396203,0.115717390031563,"unscaled_thinning_comparison",30,833.333333333333,50,0.8,15.0364318856583,3.4715217009469,1.52242161632457,0.892289282067487
"unscaled","thinning",0.0921769729351767,0.00129409531954797,0.000187027104149811,17,100000,4,"dense_heteroskedastic","balanced","30x30x30",0.0167071465396203,0.115717390031563,"unscaled_thinning_comparison",30,833.333333333333,50,0.8,15.0364318856583,3.4715217009469,2.66092000686046,1.58301536375096
"unscaled","no_thinning",0.0590082232215849,0.000929534558205783,0.000146144959321366,18,100000,4,"dense_heteroskedastic","balanced","30x30x30",0.0207426129541524,0.118736301045928,"unscaled_thinning_comparison",30,833.333333333333,50,0.8,18.6683516587372,3.56208903137783,1.70342067806918,1.0204783916136
"unscaled","thinning",0.112605459157657,0.00160775645625928,0.000203146324053137,18,100000,4,"dense_heteroskedastic","balanced","30x30x30",0.0207426129541524,0.118736301045928,"unscaled_thinning_comparison",30,833.333333333333,50,0.8,18.6683516587372,3.56208903137783,3.25063960784475,1.76505618656799
"unscaled","no_thinning",0.0572694445984625,0.000937359238511082,0.000215870421891687,19,100000,4,"dense_heteroskedastic","balanced","30x30x30",0.0165064564036661,0.115944709524491,"unscaled_thinning_comparison",30,833.333333333333,50,0.8,14.8558107632995,3.47834128573472,1.65322646276313,1.15358378754181
"unscaled","thinning",0.105191016698415,0.00158661722187907,0.000288202048939504,19,100000,4,"dense_heteroskedastic","balanced","30x30x30",0.0165064564036661,0.115944709524491,"unscaled_thinning_comparison",30,833.333333333333,50,0.8,14.8558107632995,3.47834128573472,3.03660309035802,1.95260880673839
"unscaled","no_thinning",0.0585478072292626,0.000825587486439685,9.44057667235823e-05,20,100000,4,"dense_heteroskedastic","balanced","30x30x30",0.01851967944131,0.125566828286179,"unscaled_thinning_comparison",30,833.333333333333,50,0.8,16.667711497179,3.76700484858538,1.69012961321385,0.959215909675133
"unscaled","thinning",0.0965654672715117,0.00137243841895421,0.000171848618585275,20,100000,4,"dense_heteroskedastic","balanced","30x30x30",0.01851967944131,0.125566828286179,"unscaled_thinning_comparison",30,833.333333333333,50,0.8,16.667711497179,3.76700484858538,2.78760492618146,1.59457936091966
"unscaled","no_thinning",0.0574948481836913,0.00090796704373811,0.000168049804813746,21,100000,4,"dense_heteroskedastic","balanced","30x30x30",0.0185130272929441,0.124564882250222,"unscaled_thinning_comparison",30,833.333333333333,50,0.8,16.6617245636497,3.73694646750665,1.65973330379354,1.05511881856626
"unscaled","thinning",0.102635564263719,0.0014683406075552,0.000269222492646654,21,100000,4,"dense_heteroskedastic","balanced","30x30x30",0.0185130272929441,0.124564882250222,"unscaled_thinning_comparison",30,833.333333333333,50,0.8,16.6617245636497,3.73694646750665,2.96283353280437,1.70631061752873
"unscaled","no_thinning",0.0513988680592279,0.000736766322450171,9.15256105043639e-05,22,100000,4,"dense_heteroskedastic","balanced","30x30x30",0.0127683617666592,0.103573848304589,"unscaled_thinning_comparison",30,833.333333333333,50,0.8,11.4915255899933,3.10721544913768,1.48375751550186,1.03093712883072
"unscaled","thinning",0.0928525797541385,0.00124089932946765,0.000114365915614749,22,100000,4,"dense_heteroskedastic","balanced","30x30x30",0.0127683617666592,0.103573848304589,"unscaled_thinning_comparison",30,833.333333333333,50,0.8,11.4915255899933,3.10721544913768,2.68042309580015,1.73635676999321
"unscaled","no_thinning",0.0621671307320054,0.000944787675006916,0.000151208717236241,23,100000,4,"dense_heteroskedastic","balanced","30x30x30",0.0189591768531476,0.140955633129327,"unscaled_thinning_comparison",30,833.333333333333,50,0.8,17.0632591678329,4.22866899387981,1.7946104831435,1.08491192945148
"unscaled","thinning",0.123516294756697,0.00178145847675582,0.000207364181520246,23,100000,4,"dense_heteroskedastic","balanced","30x30x30",0.0189591768531476,0.140955633129327,"unscaled_thinning_comparison",30,833.333333333333,50,0.8,17.0632591678329,4.22866899387981,3.5656083013542,2.04567185239869
"unscaled","no_thinning",0.0543233117517998,0.000748959607332122,8.36178506392402e-05,24,100000,4,"dense_heteroskedastic","balanced","30x30x30",0.0155854135321134,0.123151560808827,"unscaled_thinning_comparison",30,833.333333333333,50,0.8,14.026872178902,3.69454682426482,1.56817893315868,0.948569672636071
"unscaled","thinning",0.10056696828162,0.00140666117412791,0.000164561798985222,24,100000,4,"dense_heteroskedastic","balanced","30x30x30",0.0155854135321134,0.123151560808827,"unscaled_thinning_comparison",30,833.333333333333,50,0.8,14.026872178902,3.69454682426482,2.90311831044888,1.78155953457272
"unscaled","no_thinning",0.0608971901197134,0.00094911784976638,0.000115066630000445,25,100000,4,"dense_heteroskedastic","balanced","30x30x30",0.0163033200337371,0.100790005431146,"unscaled_thinning_comparison",30,833.333333333333,50,0.8,14.6729880303634,3.02370016293439,1.75795045542542,1.1753091535519
"unscaled","thinning",0.106326881342633,0.00160577069763101,0.000211444545711864,25,100000,4,"dense_heteroskedastic","balanced","30x30x30",0.0163033200337371,0.100790005431146,"unscaled_thinning_comparison",30,833.333333333333,50,0.8,14.6729880303634,3.02370016293439,3.06939267826313,1.98845380465205
"unscaled","no_thinning",0.0589199840100688,0.000919906448280808,0.000127264907457153,26,100000,4,"dense_heteroskedastic","balanced","30x30x30",0.0188622901500345,0.129988462969401,"unscaled_thinning_comparison",30,833.333333333333,50,0.8,16.976061135031,3.89965388908202,1.70087343144308,1.05904998138481
"unscaled","thinning",0.105008257826201,0.00157677719685446,0.000270469019579616,26,100000,4,"dense_heteroskedastic","balanced","30x30x30",0.0188622901500345,0.129988462969401,"unscaled_thinning_comparison",30,833.333333333333,50,0.8,16.976061135031,3.89965388908202,3.03132729615455,1.81527791668111
"unscaled","no_thinning",0.0504912941894327,0.00082262327828846,0.000191779335837884,27,100000,4,"dense_heteroskedastic","balanced","30x30x30",0.0144624589468584,0.087874520217734,"unscaled_thinning_comparison",30,833.333333333333,50,0.8,13.0162130521725,2.63623560653202,1.45755811460008,1.08155828782907
"unscaled","thinning",0.0942709429886818,0.00138359720484968,0.000248264995245275,27,100000,4,"dense_heteroskedastic","balanced","30x30x30",0.0144624589468584,0.087874520217734,"unscaled_thinning_comparison",30,833.333333333333,50,0.8,13.0162130521725,2.63623560653202,2.72136771556377,1.81910853171548
"unscaled","no_thinning",0.0520932905692147,0.000755371064477752,0.000132275188702144,28,100000,4,"dense_heteroskedastic","balanced","30x30x30",0.0174370758676558,0.121278597267458,"unscaled_thinning_comparison",30,833.333333333333,50,0.8,15.6933682808903,3.63835791802374,1.50380376665548,0.904468654282001
"unscaled","thinning",0.0952046450134313,0.00130232548328929,0.000179957073826403,28,100000,4,"dense_heteroskedastic","balanced","30x30x30",0.0174370758676558,0.121278597267458,"unscaled_thinning_comparison",30,833.333333333333,50,0.8,15.6933682808903,3.63835791802374,2.74832137133037,1.55938270963849
"unscaled","no_thinning",0.0712759392132437,0.0010594927864209,0.000128317953019495,29,100000,4,"dense_heteroskedastic","balanced","30x30x30",0.0204909486661163,0.17654155885908,"unscaled_thinning_comparison",30,833.333333333333,50,0.8,18.4418537995047,5.29624676577239,2.05755913457548,1.17027243552757
"unscaled","thinning",0.119335871573534,0.00169289915162581,0.000205649348844151,29,100000,4,"dense_heteroskedastic","balanced","30x30x30",0.0204909486661163,0.17654155885908,"unscaled_thinning_comparison",30,833.333333333333,50,0.8,18.4418537995047,5.29624676577239,3.44492987884793,1.86990722227406
"unscaled","no_thinning",0.052171961703558,0.000779625079780233,8.67164204886128e-05,30,100000,4,"dense_heteroskedastic","balanced","30x30x30",0.0156742575857952,0.112180129832928,"unscaled_thinning_comparison",30,833.333333333333,50,0.8,14.1068318272157,3.36540389498783,1.506074806685,0.984605632974747
"unscaled","thinning",0.0966033494482131,0.00146417491634814,0.000200355182102533,30,100000,4,"dense_heteroskedastic","balanced","30x30x30",0.0156742575857952,0.112180129832928,"unscaled_thinning_comparison",30,833.333333333333,50,0.8,14.1068318272157,3.36540389498783,2.78869849042726,1.84913865354753
"unscaled","no_thinning",0.0320530007027433,0.000499632075608271,7.75374597402415e-05,1,300000,4,"dense_heteroskedastic","balanced","30x30x30",0.0188729459171735,0.115822105968685,"unscaled_thinning_comparison",30,2500,50,0.8,16.9856513254562,3.47466317906056,1.60265003513716,0.996004029959822
"unscaled","thinning",0.0562291612499713,0.000897473521372018,0.000196014105028529,1,300000,4,"dense_heteroskedastic","balanced","30x30x30",0.0188729459171735,0.115822105968685,"unscaled_thinning_comparison",30,2500,50,0.8,16.9856513254562,3.47466317906056,2.81145806249856,1.78909098856496
"unscaled","no_thinning",0.030181111868246,0.000426564795076507,5.02803391873837e-05,2,300000,4,"dense_heteroskedastic","balanced","30x30x30",0.0110767515079538,0.0961058711236299,"unscaled_thinning_comparison",30,2500,50,0.8,9.96907635715841,2.8831761337089,1.5090555934123,1.10996538418544
"unscaled","thinning",0.0502693451744049,0.000668834769286731,5.80860298773219e-05,2,300000,4,"dense_heteroskedastic","balanced","30x30x30",0.0110767515079538,0.0961058711236299,"unscaled_thinning_comparison",30,2500,50,0.8,9.96907635715841,2.8831761337089,2.51346725872025,1.74037672638872
"unscaled","no_thinning",0.0392015887160776,0.000564657882877051,8.78863454501947e-05,3,300000,4,"dense_heteroskedastic","balanced","30x30x30",0.0168128329961505,0.130537463170006,"unscaled_thinning_comparison",30,2500,50,0.8,15.1315496965354,3.91612389510017,1.96007943580388,1.19260212161361
"unscaled","thinning",0.0627166060910081,0.000831823398659897,7.6334916246115e-05,3,300000,4,"dense_heteroskedastic","balanced","30x30x30",0.0168128329961505,0.130537463170006,"unscaled_thinning_comparison",30,2500,50,0.8,15.1315496965354,3.91612389510017,3.1358303045504,1.75687682777935
"unscaled","no_thinning",0.0317009123072456,0.000501529285531547,8.62164960110635e-05,4,300000,4,"dense_heteroskedastic","balanced","30x30x30",0.0156820214233216,0.109065860158813,"unscaled_thinning_comparison",30,2500,50,0.8,14.1138192809894,3.27197580476438,1.58504561536228,1.09679612625635
"unscaled","thinning",0.0583852859233368,0.000870546053184423,0.000149601456457391,4,300000,4,"dense_heteroskedastic","balanced","30x30x30",0.0156820214233216,0.109065860158813,"unscaled_thinning_comparison",30,2500,50,0.8,14.1138192809894,3.27197580476438,2.91926429616684,1.90380016961218
"unscaled","no_thinning",0.0314845437830812,0.000515639730090859,8.45040522894692e-05,5,300000,4,"dense_heteroskedastic","balanced","30x30x30",0.0159869591285748,0.119225218279729,"unscaled_thinning_comparison",30,2500,50,0.8,14.3882632157173,3.57675654839188,1.57422718915406,1.11684800240312
"unscaled","thinning",0.0593337670032648,0.000895022393003145,0.000160415518748822,5,300000,4,"dense_heteroskedastic","balanced","30x30x30",0.0159869591285748,0.119225218279729,"unscaled_thinning_comparison",30,2500,50,0.8,14.3882632157173,3.57675654839188,2.96668835016324,1.93857050455651
"unscaled","no_thinning",0.0321964516396824,0.000474342272456443,8.38108073581436e-05,6,300000,4,"dense_heteroskedastic","balanced","30x30x30",0.0163176423048167,0.127994638810725,"unscaled_thinning_comparison",30,2500,50,0.8,14.685878074335,3.83983916432176,1.60982258198412,1.01693631682224
"unscaled","thinning",0.0592718724403539,0.000831995069535631,8.63993491498855e-05,6,300000,4,"dense_heteroskedastic","balanced","30x30x30",0.0163176423048167,0.127994638810725,"unscaled_thinning_comparison",30,2500,50,0.8,14.685878074335,3.83983916432176,2.96359362201769,1.78370356334944
"unscaled","no_thinning",0.0294401429799608,0.00038143926222098,4.16029458247269e-05,7,300000,4,"dense_heteroskedastic","balanced","30x30x30",0.0134617207715856,0.128295755238019,"unscaled_thinning_comparison",30,2500,50,0.8,12.1155486944271,3.84887265714057,1.47200714899804,0.900338323159593
"unscaled","thinning",0.0559331488429037,0.000702689768941393,0.000104207699200022,7,300000,4,"dense_heteroskedastic","balanced","30x30x30",0.0134617207715856,0.128295755238019,"unscaled_thinning_comparison",30,2500,50,0.8,12.1155486944271,3.84887265714057,2.79665744214519,1.65860882958498
"unscaled","no_thinning",0.0350742424821427,0.000525790122560453,6.18652834854026e-05,8,300000,4,"dense_heteroskedastic","balanced","30x30x30",0.0204779289048476,0.128601967762633,"unscaled_thinning_comparison",30,2500,50,0.8,18.4301360143629,3.858059032879,1.75371212410713,1.00623643677466
"unscaled","thinning",0.0651757334208567,0.000924487121338479,0.000104599590146301,8,300000,4,"dense_heteroskedastic","balanced","30x30x30",0.0204779289048476,0.128601967762633,"unscaled_thinning_comparison",30,2500,50,0.8,18.4301360143629,3.858059032879,3.25878667104284,1.76924705677166
"unscaled","no_thinning",0.0304644769867879,0.000419467023427809,8.13574713216031e-05,9,300000,4,"dense_heteroskedastic","balanced","30x30x30",0.0156035969989492,0.0905440845458869,"unscaled_thinning_comparison",30,2500,50,0.8,14.0432372990543,2.71632253637661,1.5232238493394,0.919636274521163
"unscaled","thinning",0.0527628415494788,0.00070125776838471,9.9106244164463e-05,9,300000,4,"dense_heteroskedastic","balanced","30x30x30",0.0156035969989492,0.0905440845458869,"unscaled_thinning_comparison",30,2500,50,0.8,14.0432372990543,2.71632253637661,2.63814207747394,1.53743213549021
"unscaled","no_thinning",0.0360735313261713,0.000607851049609224,0.00014886388777384,10,300000,4,"dense_heteroskedastic","balanced","30x30x30",0.0221124710622128,0.119691724220434,"unscaled_thinning_comparison",30,2500,50,0.8,19.9012239559915,3.59075172661303,1.80367656630857,1.11946150449942
"unscaled","thinning",0.0624885464211393,0.000911612587541265,0.000116018421017103,10,300000,4,"dense_heteroskedastic","balanced","30x30x30",0.0221124710622128,0.119691724220434,"unscaled_thinning_comparison",30,2500,50,0.8,19.9012239559915,3.59075172661303,3.12442732105697,1.67889024692089
"unscaled","no_thinning",0.0330954301462554,0.00050706655514073,7.78783975363554e-05,11,300000,4,"dense_heteroskedastic","balanced","30x30x30",0.0164125144235713,0.0991781748140944,"unscaled_thinning_comparison",30,2500,50,0.8,14.7712629812142,2.97534524442283,1.65477150731277,1.08394697525679
"unscaled","thinning",0.0580514569400472,0.000810163906288961,9.75881479575111e-05,11,300000,4,"dense_heteroskedastic","balanced","30x30x30",0.0164125144235713,0.0991781748140944,"unscaled_thinning_comparison",30,2500,50,0.8,14.7712629812142,2.97534524442283,2.90257284700236,1.73187268373561
"unscaled","no_thinning",0.0300810145400566,0.000427348957734826,6.70026573585203e-05,12,300000,4,"dense_heteroskedastic","balanced","30x30x30",0.0161194653760293,0.0951367579815919,"unscaled_thinning_comparison",30,2500,50,0.8,14.5075188384264,2.85410273944776,1.50405072700283,0.921802674655403
"unscaled","thinning",0.0498461447194077,0.00065943219299093,8.654371889406e-05,12,300000,4,"dense_heteroskedastic","balanced","30x30x30",0.0161194653760293,0.0951367579815919,"unscaled_thinning_comparison",30,2500,50,0.8,14.5075188384264,2.85410273944776,2.49230723597038,1.42241217218577
"unscaled","no_thinning",0.0318764615161425,0.000411730188210134,3.77206564535924e-05,13,300000,4,"dense_heteroskedastic","balanced","30x30x30",0.012830903702898,0.0973552240387457,"unscaled_thinning_comparison",30,2500,50,0.8,11.5478133326082,2.92065672116237,1.59382307580712,0.995439155579282
"unscaled","thinning",0.0558458266743053,0.000709846898635961,7.34136030151468e-05,13,300000,4,"dense_heteroskedastic","balanced","30x30x30",0.012830903702898,0.0973552240387457,"unscaled_thinning_comparison",30,2500,50,0.8,11.5478133326082,2.92065672116237,2.79229133371526,1.71619525991162
"unscaled","no_thinning",0.0306067880783238,0.00044594170226064,6.13451602684136e-05,14,300000,4,"dense_heteroskedastic","balanced","30x30x30",0.0183562452452942,0.112117121421697,"unscaled_thinning_comparison",30,2500,50,0.8,16.5206207207648,3.36351364265091,1.53033940391619,0.901398421737862
"unscaled","thinning",0.0557359300207781,0.000815124346522982,0.000100698182196775,14,300000,4,"dense_heteroskedastic","balanced","30x30x30",0.0183562452452942,0.112117121421697,"unscaled_thinning_comparison",30,2500,50,0.8,16.5206207207648,3.36351364265091,2.7867965010389,1.64764092649599
"unscaled","no_thinning",0.0338849871842455,0.000532535372920361,8.09892846975529e-05,15,300000,4,"dense_heteroskedastic","balanced","30x30x30",0.0212663462468297,0.163012353874661,"unscaled_thinning_comparison",30,2500,50,0.8,19.1397116221468,4.89037061623984,1.69424935921228,1.00007518660637
"unscaled","thinning",0.0624698222589307,0.000990744620666756,0.000159428057596278,15,300000,4,"dense_heteroskedastic","balanced","30x30x30",0.0212663462468297,0.163012353874661,"unscaled_thinning_comparison",30,2500,50,0.8,19.1397116221468,4.89037061623984,3.12349111294654,1.86056957298259
"unscaled","no_thinning",0.0393845361778905,0.000590723269711009,7.01393740331017e-05,16,300000,4,"dense_heteroskedastic","balanced","30x30x30",0.023461132111667,0.153995226745196,"unscaled_thinning_comparison",30,2500,50,0.8,21.1150189005003,4.61985680235589,1.96922680889452,1.05618556596394
"unscaled","thinning",0.0748080207841132,0.00112649239811839,0.000149590361446818,16,300000,4,"dense_heteroskedastic","balanced","30x30x30",0.023461132111667,0.153995226745196,"unscaled_thinning_comparison",30,2500,50,0.8,21.1150189005003,4.61985680235589,3.74040103920566,2.01411569861267
"unscaled","no_thinning",0.0311627193289261,0.000398011948861154,4.57113646357712e-05,17,300000,4,"dense_heteroskedastic","balanced","30x30x30",0.0126882995305396,0.119808566373835,"unscaled_thinning_comparison",30,2500,50,0.8,11.4194695774857,3.59425699121506,1.55813596644631,0.967664995032335
"unscaled","thinning",0.0563729625823464,0.000685723416073199,7.14879037446199e-05,17,300000,4,"dense_heteroskedastic","balanced","30x30x30",0.0126882995305396,0.119808566373835,"unscaled_thinning_comparison",30,2500,50,0.8,11.4194695774857,3.59425699121506,2.81864812911732,1.66716237516655
"unscaled","no_thinning",0.0321508188801542,0.00045283361466148,4.58133337508609e-05,18,300000,4,"dense_heteroskedastic","balanced","30x30x30",0.0116007658570803,0.101573781235773,"unscaled_thinning_comparison",30,2500,50,0.8,10.4406892713723,3.04721343707318,1.60754094400771,1.15139929412182
"unscaled","thinning",0.054789094933792,0.00074994714650131,8.37462828584918e-05,18,300000,4,"dense_heteroskedastic","balanced","30x30x30",0.0116007658570803,0.101573781235773,"unscaled_thinning_comparison",30,2500,50,0.8,10.4406892713723,3.04721343707318,2.7394547466896,1.90685626497889
"unscaled","no_thinning",0.0339506723450281,0.000513047893326934,0.000106999326401297,19,300000,4,"dense_heteroskedastic","balanced","30x30x30",0.0206382883848074,0.146259882323844,"unscaled_thinning_comparison",30,2500,50,0.8,18.5744595463267,4.38779646971533,1.6975336172514,0.978028931445077
"unscaled","thinning",0.0559549951684627,0.000836160702326661,0.000147697447486694,19,300000,4,"dense_heteroskedastic","balanced","30x30x30",0.0206382883848074,0.146259882323844,"unscaled_thinning_comparison",30,2500,50,0.8,18.5744595463267,4.38779646971533,2.79774975842313,1.5939824894511
"unscaled","no_thinning",0.0342212232903862,0.000519338495323696,6.74393837353971e-05,20,300000,4,"dense_heteroskedastic","balanced","30x30x30",0.0195043408503422,0.109655893533523,"unscaled_thinning_comparison",30,2500,50,0.8,17.553906765308,3.28967680600569,1.71106116451931,1.01839324052763
"unscaled","thinning",0.0639271186793432,0.000929576060230909,0.000120685281060824,20,300000,4,"dense_heteroskedastic","balanced","30x30x30",0.0195043408503422,0.109655893533523,"unscaled_thinning_comparison",30,2500,50,0.8,17.553906765308,3.28967680600569,3.19635593396716,1.82284576402413
"unscaled","no_thinning",0.03067825353473,0.000479796042354086,8.49514984502535e-05,21,300000,4,"dense_heteroskedastic","balanced","30x30x30",0.0175192577038111,0.0988213445958359,"unscaled_thinning_comparison",30,2500,50,0.8,15.76733193343,2.96464033787508,1.5339126767365,0.992726105333589
"unscaled","thinning",0.0557382694620811,0.000867344338005839,0.000100763888560831,21,300000,4,"dense_heteroskedastic","balanced","30x30x30",0.0175192577038111,0.0988213445958359,"unscaled_thinning_comparison",30,2500,50,0.8,15.76733193343,2.96464033787508,2.78691347310406,1.79458622131826
"unscaled","no_thinning",0.0300676082541064,0.000402541233581691,5.6398642870115e-05,22,300000,4,"dense_heteroskedastic","balanced","30x30x30",0.0180404341467485,0.101702692624678,"unscaled_thinning_comparison",30,2500,50,0.8,16.2363907320737,3.05108077874033,1.50338041270532,0.82076251293365
"unscaled","thinning",0.0564347874516099,0.000737880832517589,9.79716147803229e-05,22,300000,4,"dense_heteroskedastic","balanced","30x30x30",0.0180404341467485,0.101702692624678,"unscaled_thinning_comparison",30,2500,50,0.8,16.2363907320737,3.05108077874033,2.82173937258049,1.50450407515782
"unscaled","no_thinning",0.0372785751238149,0.000642528142271997,0.000139530085075112,23,300000,4,"dense_heteroskedastic","balanced","30x30x30",0.0225881080458003,0.119481836819525,"unscaled_thinning_comparison",30,2500,50,0.8,20.3292972412203,3.58445510458576,1.86392875619074,1.17080038800179
"unscaled","thinning",0.0682767454451159,0.00105486291230769,0.000125963521869461,23,300000,4,"dense_heteroskedastic","balanced","30x30x30",0.0225881080458003,0.119481836819525,"unscaled_thinning_comparison",30,2500,50,0.8,20.3292972412203,3.58445510458576,3.4138372722558,1.92214756952346
"unscaled","no_thinning",0.0369217380531415,0.000511140979074778,6.60839479626916e-05,24,300000,4,"dense_heteroskedastic","balanced","30x30x30",0.0170783169950021,0.123083761269846,"unscaled_thinning_comparison",30,2500,50,0.8,15.3704852955019,3.69251283809537,1.84608690265708,1.07114631246774
"unscaled","thinning",0.0710590584172567,0.000951693880860025,0.000126559769679432,24,300000,4,"dense_heteroskedastic","balanced","30x30x30",0.0170783169950021,0.123083761269846,"unscaled_thinning_comparison",30,2500,50,0.8,15.3704852955019,3.69251283809537,3.55295292086283,1.99436835005199
"unscaled","no_thinning",0.0384052868795882,0.000561663661444284,0.000106932308753527,25,300000,4,"dense_heteroskedastic","balanced","30x30x30",0.0227400297820928,0.114592564955365,"unscaled_thinning_comparison",30,2500,50,0.8,20.4660268038835,3.43777694866094,1.92026434397941,1.02002647449404
"unscaled","thinning",0.0678255521020669,0.000930673217514456,0.000150048613719947,25,300000,4,"dense_heteroskedastic","balanced","30x30x30",0.0227400297820928,0.114592564955365,"unscaled_thinning_comparison",30,2500,50,0.8,20.4660268038835,3.43777694866094,3.39127760510334,1.69017756734733
"unscaled","no_thinning",0.0333780733688347,0.000476461999994787,6.80975283694242e-05,26,300000,4,"dense_heteroskedastic","balanced","30x30x30",0.0162765243433227,0.1276048444931,"unscaled_thinning_comparison",30,2500,50,0.8,14.6488719089905,3.82814533479301,1.66890366844174,1.02277019850949
"unscaled","thinning",0.0545759105027925,0.000782771084119707,8.693901321617e-05,26,300000,4,"dense_heteroskedastic","balanced","30x30x30",0.0162765243433227,0.1276048444931,"unscaled_thinning_comparison",30,2500,50,0.8,14.6488719089905,3.82814533479301,2.72879552513962,1.68029126583308
"unscaled","no_thinning",0.0288668592415465,0.000470461011100897,7.14644529270828e-05,27,300000,4,"dense_heteroskedastic","balanced","30x30x30",0.0243046040994895,0.105524138037533,"unscaled_thinning_comparison",30,2500,50,0.8,21.8741436895405,3.165724141126,1.44334296207732,0.826437458957132
"unscaled","thinning",0.0538630893778682,0.000830714441834182,0.000157428873624486,27,300000,4,"dense_heteroskedastic","balanced","30x30x30",0.0243046040994895,0.105524138037533,"unscaled_thinning_comparison",30,2500,50,0.8,21.8741436895405,3.165724141126,2.69315446889341,1.45927827435034
"unscaled","no_thinning",0.0297615719246365,0.000405331063396783,4.82844382757633e-05,28,300000,4,"dense_heteroskedastic","balanced","30x30x30",0.0109903534632114,0.0884015814942343,"unscaled_thinning_comparison",30,2500,50,0.8,9.89131811689023,2.65204744482703,1.48807859623183,1.05885060656292
"unscaled","thinning",0.0581563534291395,0.000761123097596924,0.000119423730924625,28,300000,4,"dense_heteroskedastic","balanced","30x30x30",0.0109903534632114,0.0884015814942343,"unscaled_thinning_comparison",30,2500,50,0.8,9.89131811689023,2.65204744482703,2.90781767145697,1.98828988532426
"unscaled","no_thinning",0.034103333120168,0.000482602109984402,6.98711778333617e-05,29,300000,4,"dense_heteroskedastic","balanced","30x30x30",0.0131176011063238,0.0929529890887029,"unscaled_thinning_comparison",30,2500,50,0.8,11.8058409956914,2.78858967266109,1.7051666560084,1.15396500300398
"unscaled","thinning",0.0571473695455724,0.000779689363863597,9.67607013144921e-05,29,300000,4,"dense_heteroskedastic","balanced","30x30x30",0.0131176011063238,0.0929529890887029,"unscaled_thinning_comparison",30,2500,50,0.8,11.8058409956914,2.78858967266109,2.85736847727862,1.86433962989119
"unscaled","no_thinning",0.0313508560324876,0.000442328063221759,4.56553668905482e-05,30,300000,4,"dense_heteroskedastic","balanced","30x30x30",0.0142632250069263,0.103691075828261,"unscaled_thinning_comparison",30,2500,50,0.8,12.8369025062337,3.11073227484784,1.56754280162438,1.01429961065364
"unscaled","thinning",0.0558422084648724,0.000758245710040361,7.99999569860617e-05,30,300000,4,"dense_heteroskedastic","balanced","30x30x30",0.0142632250069263,0.103691075828261,"unscaled_thinning_comparison",30,2500,50,0.8,12.8369025062337,3.11073227484784,2.79211042324362,1.73872831597428
"unscaled","no_thinning",0.018143483119163,0.000262586220463816,3.20088374747328e-05,1,1000000,4,"dense_heteroskedastic","balanced","30x30x30",0.0145665496756838,0.104399626303788,"unscaled_thinning_comparison",30,8333.33333333333,50,0.8,13.1098947081154,3.13198878911363,1.65626582934663,1.08783640705732
"unscaled","thinning",0.0339892648260494,0.000472922596027768,6.17163470147655e-05,1,1000000,4,"dense_heteroskedastic","balanced","30x30x30",0.0145665496756838,0.104399626303788,"unscaled_thinning_comparison",30,8333.33333333333,50,0.8,13.1098947081154,3.13198878911363,3.10278117637403,1.95921330818637
"unscaled","no_thinning",0.017348271290417,0.000258354057675762,3.74579034534293e-05,2,1000000,4,"dense_heteroskedastic","balanced","30x30x30",0.012853328126392,0.108051640056324,"unscaled_thinning_comparison",30,8333.33333333333,50,0.8,11.5679953137528,3.24154920168972,1.58367325324678,1.13940335511461
"unscaled","thinning",0.0335876374884853,0.000461172134700313,5.58812493149838e-05,2,1000000,4,"dense_heteroskedastic","balanced","30x30x30",0.012853328126392,0.108051640056324,"unscaled_thinning_comparison",30,8333.33333333333,50,0.8,11.5679953137528,3.24154920168972,3.0661177842916,2.03387971642531
"unscaled","no_thinning",0.0175247078190347,0.000245842315788381,3.12409657756551e-05,3,1000000,4,"dense_heteroskedastic","balanced","30x30x30",0.0149024983197023,0.111456527485405,"unscaled_thinning_comparison",30,8333.33333333333,50,0.8,13.4122484877321,3.34369582456216,1.59977963102874,1.00692494928584
"unscaled","thinning",0.0331074013744128,0.000427200790958053,4.68409494903523e-05,3,1000000,4,"dense_heteroskedastic","balanced","30x30x30",0.0149024983197023,0.111456527485405,"unscaled_thinning_comparison",30,8333.33333333333,50,0.8,13.4122484877321,3.34369582456216,3.0222784255239,1.74973593700031
"unscaled","no_thinning",0.0173274840546587,0.000255295819189653,4.43761738199168e-05,4,1000000,4,"dense_heteroskedastic","balanced","30x30x30",0.0159188039007249,0.112066611258329,"unscaled_thinning_comparison",30,8333.33333333333,50,0.8,14.3269235106524,3.36199833774987,1.58177564692461,1.01171570261543
"unscaled","thinning",0.0317493952203763,0.00044393676522507,5.74952504483856e-05,4,1000000,4,"dense_heteroskedastic","balanced","30x30x30",0.0159188039007249,0.112066611258329,"unscaled_thinning_comparison",30,8333.33333333333,50,0.8,14.3269235106524,3.36199833774987,2.8983099915578,1.75928378996622
"unscaled","no_thinning",0.0186498340452417,0.000256516177668744,2.77497556007125e-05,5,1000000,4,"dense_heteroskedastic","balanced","30x30x30",0.0173002401747086,0.134277453943153,"unscaled_thinning_comparison",30,8333.33333333333,50,0.8,15.5702161572378,4.0283236182946,1.70248913338445,0.97512142354903
"unscaled","thinning",0.034708621915245,0.000455383178175741,4.20504478029752e-05,5,1000000,4,"dense_heteroskedastic","balanced","30x30x30",0.0173002401747086,0.134277453943153,"unscaled_thinning_comparison",30,8333.33333333333,50,0.8,15.5702161572378,4.0283236182946,3.16844919381631,1.73109507945517
"unscaled","no_thinning",0.0165918704332121,0.000224235523855273,2.63360353046337e-05,6,1000000,4,"dense_heteroskedastic","balanced","30x30x30",0.0142695571723602,0.0982993309453385,"unscaled_thinning_comparison",30,8333.33333333333,50,0.8,12.8426014551241,2.94897992836015,1.51462361791221,0.93857541027652
"unscaled","thinning",0.0329081957388303,0.00043274498427224,5.23362735334698e-05,6,1000000,4,"dense_heteroskedastic","balanced","30x30x30",0.0142695571723602,0.0982993309453385,"unscaled_thinning_comparison",30,8333.33333333333,50,0.8,12.8426014551241,2.94897992836015,3.00409352215879,1.81132674330661
"unscaled","no_thinning",0.0177779277740273,0.0002751798996906,4.51274660676782e-05,7,1000000,4,"dense_heteroskedastic","balanced","30x30x30",0.0174520130323383,0.11314691656931,"unscaled_thinning_comparison",30,8333.33333333333,50,0.8,15.7068117291044,3.39440749707931,1.62289534458872,1.04151120837051
"unscaled","thinning",0.0325070775692299,0.000476529598023796,7.55134975710505e-05,7,1000000,4,"dense_heteroskedastic","balanced","30x30x30",0.0174520130323383,0.11314691656931,"unscaled_thinning_comparison",30,8333.33333333333,50,0.8,15.7068117291044,3.39440749707931,2.96747661053957,1.80358710072976
"unscaled","no_thinning",0.0172990393947639,0.000262145898685997,5.61951485196326e-05,8,1000000,4,"dense_heteroskedastic","balanced","30x30x30",0.0215971977316562,0.118408009118386,"unscaled_thinning_comparison",30,8333.33333333333,50,0.8,19.4374779584906,3.55224027355158,1.57917901661378,0.891896315058313
"unscaled","thinning",0.031345468317987,0.000449545359350267,6.2643384551953e-05,8,1000000,4,"dense_heteroskedastic","balanced","30x30x30",0.0215971977316562,0.118408009118386,"unscaled_thinning_comparison",30,8333.33333333333,50,0.8,19.4374779584906,3.55224027355158,2.8614366788875,1.52948358706283
"unscaled","no_thinning",0.0180658770011298,0.00025203353224463,3.7378874230653e-05,9,1000000,4,"dense_heteroskedastic","balanced","30x30x30",0.0133324482239401,0.100639767732296,"unscaled_thinning_comparison",30,8333.33333333333,50,0.8,11.9992034015461,3.01919303196888,1.64918139243876,1.09137343268094
"unscaled","thinning",0.0311252195975808,0.000422505748403791,6.22791542816263e-05,9,1000000,4,"dense_heteroskedastic","balanced","30x30x30",0.0133324482239401,0.100639767732296,"unscaled_thinning_comparison",30,8333.33333333333,50,0.8,11.9992034015461,3.01919303196888,2.84133081348281,1.82956428399103
"unscaled","no_thinning",0.0165704681533015,0.000234275821612464,4.30014519620233e-05,10,1000000,4,"dense_heteroskedastic","balanced","30x30x30",0.018900400886621,0.0951621159940415,"unscaled_thinning_comparison",30,8333.33333333333,50,0.8,17.0103607979589,2.85486347982125,1.51266986599737,0.852043889151541
"unscaled","thinning",0.0291659812358007,0.000386762950422281,4.77585978124527e-05,10,1000000,4,"dense_heteroskedastic","balanced","30x30x30",0.018900400886621,0.0951621159940415,"unscaled_thinning_comparison",30,8333.33333333333,50,0.8,17.0103607979589,2.85486347982125,2.6624776391034,1.40662833317321
"unscaled","no_thinning",0.017782486394998,0.000287064325000723,4.3160243927419e-05,11,1000000,4,"dense_heteroskedastic","balanced","30x30x30",0.0139987120583203,0.117442812697041,"unscaled_thinning_comparison",30,8333.33333333333,50,0.8,12.5988408524883,3.52328438091123,1.62331148784485,1.21312398073542
"unscaled","thinning",0.0328062087500339,0.000445795622980359,5.7883038069189e-05,11,1000000,4,"dense_heteroskedastic","balanced","30x30x30",0.0139987120583203,0.117442812697041,"unscaled_thinning_comparison",30,8333.33333333333,50,0.8,12.5988408524883,3.52328438091123,2.99478342643615,1.88391699575695
"unscaled","no_thinning",0.0187753826157763,0.000280709553839846,4.75550695076289e-05,12,1000000,4,"dense_heteroskedastic","balanced","30x30x30",0.0179204077032384,0.115473268481266,"unscaled_thinning_comparison",30,8333.33333333333,50,0.8,16.1283669329146,3.46419805443799,1.71395009740851,1.04846335331387
"unscaled","thinning",0.0334290342860136,0.000476119035673378,6.76027073502807e-05,12,1000000,4,"dense_heteroskedastic","balanced","30x30x30",0.0179204077032384,0.115473268481266,"unscaled_thinning_comparison",30,8333.33333333333,50,0.8,16.1283669329146,3.46419805443799,3.05163935901055,1.77832693576037
"unscaled","no_thinning",0.0156982028819934,0.000265942885294808,4.69345030248371e-05,13,1000000,4,"dense_heteroskedastic","balanced","30x30x30",0.0189260891083521,0.128106394455728,"unscaled_thinning_comparison",30,8333.33333333333,50,0.8,17.0334801975169,3.84319183367183,1.43304330512673,0.966558045779831
"unscaled","thinning",0.0290844947195981,0.000440833226842186,6.67290588419077e-05,13,1000000,4,"dense_heteroskedastic","balanced","30x30x30",0.0189260891083521,0.128106394455728,"unscaled_thinning_comparison",30,8333.33333333333,50,0.8,17.0334801975169,3.84319183367183,2.65503897192729,1.60218951441044
"unscaled","no_thinning",0.0187034278898321,0.000237499121355015,3.94116352832388e-05,14,1000000,4,"dense_heteroskedastic","balanced","30x30x30",0.0128914349053667,0.0980108717811547,"unscaled_thinning_comparison",30,8333.33333333333,50,0.8,11.60229141483,2.94032615343464,1.70738155965538,1.04587885218803
"unscaled","thinning",0.0321192689420085,0.000374335556617829,3.83695995439946e-05,14,1000000,4,"dense_heteroskedastic","balanced","30x30x30",0.0128914349053667,0.0980108717811547,"unscaled_thinning_comparison",30,8333.33333333333,50,0.8,11.60229141483,2.94032615343464,2.93207468835219,1.64846775034334
"unscaled","no_thinning",0.0203344995399186,0.000305469654620311,7.60170775104432e-05,15,1000000,4,"dense_heteroskedastic","balanced","30x30x30",0.0154617981276128,0.126059797668805,"unscaled_thinning_comparison",30,8333.33333333333,50,0.8,13.9156183148515,3.78179393006414,1.85627734893197,1.22831025814427
"unscaled","thinning",0.0359521852709858,0.000480479288982695,6.51375884788985e-05,15,1000000,4,"dense_heteroskedastic","balanced","30x30x30",0.0154617981276128,0.126059797668805,"unscaled_thinning_comparison",30,8333.33333333333,50,0.8,13.9156183148515,3.78179393006414,3.28197047742065,1.93203360974393
"unscaled","no_thinning",0.0173556992262683,0.00029396145378609,6.84326857976337e-05,16,1000000,4,"dense_heteroskedastic","balanced","30x30x30",0.0203906630363029,0.112229566942378,"unscaled_thinning_comparison",30,8333.33333333333,50,0.8,18.3515967326726,3.36688700827134,1.58435132791701,1.02930650383984
"unscaled","thinning",0.0318043503298317,0.000545683248596136,9.41892868318928e-05,16,1000000,4,"dense_heteroskedastic","balanced","30x30x30",0.0203906630363029,0.112229566942378,"unscaled_thinning_comparison",30,8333.33333333333,50,0.8,18.3515967326726,3.36688700827134,2.90332668374095,1.91071077375055
"unscaled","no_thinning",0.0169835743848414,0.000295010899733973,5.78989354637302e-05,17,1000000,4,"dense_heteroskedastic","balanced","30x30x30",0.0213916678925843,0.108297610155099,"unscaled_thinning_comparison",30,8333.33333333333,50,0.8,19.2525011033259,3.24892830465297,1.55038113294076,1.00852285059593
"unscaled","thinning",0.0294745743938018,0.0004698318632753,0.000123895921380571,17,1000000,4,"dense_heteroskedastic","balanced","30x30x30",0.0213916678925843,0.108297610155099,"unscaled_thinning_comparison",30,8333.33333333333,50,0.8,19.2525011033259,3.24892830465297,2.69064821139157,1.60616496027262
"unscaled","no_thinning",0.018196010466724,0.000270296163382675,4.89223689197058e-05,18,1000000,4,"dense_heteroskedastic","balanced","30x30x30",0.0232362705607122,0.137580899707488,"unscaled_thinning_comparison",30,8333.33333333333,50,0.8,20.912643504641,4.12742699122463,1.66106089820414,0.886597848962193
"unscaled","thinning",0.0330610635575899,0.000487237980156986,0.000103150017162352,18,1000000,4,"dense_heteroskedastic","balanced","30x30x30",0.0232362705607122,0.137580899707488,"unscaled_thinning_comparison",30,8333.33333333333,50,0.8,20.912643504641,4.12742699122463,3.01804838093399,1.59818822336846
"unscaled","no_thinning",0.0175802954761137,0.000303025684798613,0.000100805917821213,19,1000000,4,"dense_heteroskedastic","balanced","30x30x30",0.0203828436033169,0.114642989056219,"unscaled_thinning_comparison",30,8333.33333333333,50,0.8,18.3445592429852,3.43928967168657,1.60485406664558,1.06124842717301
"unscaled","thinning",0.027919903885784,0.000389658486567784,6.76282943474402e-05,19,1000000,4,"dense_heteroskedastic","balanced","30x30x30",0.0203828436033169,0.114642989056219,"unscaled_thinning_comparison",30,8333.33333333333,50,0.8,18.3445592429852,3.43928967168657,2.54872686027001,1.36465150232892
"unscaled","no_thinning",0.0259244905597093,0.000385207096571935,7.5421926903596e-05,20,1000000,4,"dense_heteroskedastic","balanced","30x30x30",0.0360793980067871,0.161235224154447,"unscaled_thinning_comparison",30,8333.33333333333,50,0.8,32.4714582061084,4.83705672463342,2.36657137856375,1.01399226581405
"unscaled","thinning",0.0385507448146569,0.000565204014506288,9.86452000510713e-05,20,1000000,4,"dense_heteroskedastic","balanced","30x30x30",0.0360793980067871,0.161235224154447,"unscaled_thinning_comparison",30,8333.33333333333,50,0.8,32.4714582061084,4.83705672463342,3.51918542393548,1.48780358517981
"unscaled","no_thinning",0.0161329239086052,0.000289269476882316,6.93815987824428e-05,21,1000000,4,"dense_heteroskedastic","balanced","30x30x30",0.0232802402858237,0.106736991541495,"unscaled_thinning_comparison",30,8333.33333333333,50,0.8,20.9522162572413,3.20210974624486,1.47272772387625,0.947935712713726
"unscaled","thinning",0.0320958192207331,0.000519863062606284,0.000115247286082548,21,1000000,4,"dense_heteroskedastic","balanced","30x30x30",0.0232802402858237,0.106736991541495,"unscaled_thinning_comparison",30,8333.33333333333,50,0.8,20.9522162572413,3.20210974624486,2.92993403146723,1.70359060373906
"unscaled","no_thinning",0.0173137924224828,0.000250138617268664,3.61903553466097e-05,22,1000000,4,"dense_heteroskedastic","balanced","30x30x30",0.0128950736561358,0.107747828146752,"unscaled_thinning_comparison",30,8333.33333333333,50,0.8,11.6055662905222,3.23243484440255,1.58052577762598,1.10138418370558
"unscaled","thinning",0.0302543681388053,0.000412430574116129,6.65910758661349e-05,22,1000000,4,"dense_heteroskedastic","balanced","30x30x30",0.0128950736561358,0.107747828146752,"unscaled_thinning_comparison",30,8333.33333333333,50,0.8,11.6055662905222,3.23243484440255,2.76183331544821,1.81597114499211
"unscaled","no_thinning",0.0201676361005532,0.00030669842215685,8.6823718271649e-05,23,1000000,4,"dense_heteroskedastic","balanced","30x30x30",0.0191278432970697,0.143973331580396,"unscaled_thinning_comparison",30,8333.33333333333,50,0.8,17.2150589673627,4.31919994741189,1.84104487063808,1.10878806729811
"unscaled","thinning",0.0320568628690936,0.000474023705354616,9.89292109216319e-05,23,1000000,4,"dense_heteroskedastic","balanced","30x30x30",0.0191278432970697,0.143973331580396,"unscaled_thinning_comparison",30,8333.33333333333,50,0.8,17.2150589673627,4.31919994741189,2.92637781937539,1.71370894058541
"unscaled","no_thinning",0.0189973778423816,0.000269193905672354,5.21109987480734e-05,24,1000000,4,"dense_heteroskedastic","balanced","30x30x30",0.0145155674736275,0.123913589766312,"unscaled_thinning_comparison",30,8333.33333333333,50,0.8,13.0640107262648,3.71740769298937,1.73421539628687,1.11716730843858
"unscaled","thinning",0.0333131997246684,0.000441176316776128,8.67809920240849e-05,24,1000000,4,"dense_heteroskedastic","balanced","30x30x30",0.0145155674736275,0.123913589766312,"unscaled_thinning_comparison",30,8333.33333333333,50,0.8,13.0640107262648,3.71740769298937,3.04106515864596,1.83090236433333
"unscaled","no_thinning",0.0194804861629323,0.000263465042377825,3.41285037966305e-05,25,1000000,4,"dense_heteroskedastic","balanced","30x30x30",0.0141286880423311,0.117097620201904,"unscaled_thinning_comparison",30,8333.33333333333,50,0.8,12.715819238098,3.51292860605712,1.77831695043421,1.10826108958367
"unscaled","thinning",0.0340704118609911,0.000457853167281222,4.4879807221853e-05,25,1000000,4,"dense_heteroskedastic","balanced","30x30x30",0.0141286880423311,0.117097620201904,"unscaled_thinning_comparison",30,8333.33333333333,50,0.8,12.715819238098,3.51292860605712,3.11018885329273,1.92595133479891
"unscaled","no_thinning",0.0180022897551368,0.00022812104864464,2.27477222827705e-05,26,1000000,4,"dense_heteroskedastic","balanced","30x30x30",0.0150415180098967,0.105320661068568,"unscaled_thinning_comparison",30,8333.33333333333,50,0.8,13.5373662089071,3.15961983205705,1.64337669760543,0.930014092854338
"unscaled","thinning",0.031526360426031,0.000390783058535959,3.9362242375189e-05,26,1000000,4,"dense_heteroskedastic","balanced","30x30x30",0.0150415180098967,0.105320661068568,"unscaled_thinning_comparison",30,8333.33333333333,50,0.8,13.5373662089071,3.15961983205705,2.87794979356256,1.59316184914312
"unscaled","no_thinning",0.0217067369450685,0.000273536857331758,2.99585279219918e-05,27,1000000,4,"dense_heteroskedastic","balanced","30x30x30",0.020279893390733,0.161180949033823,"unscaled_thinning_comparison",30,8333.33333333333,50,0.8,18.2519040516597,4.83542847101469,1.9815449124408,0.960401928648817
"unscaled","thinning",0.0400678642892574,0.000497675912418791,5.61668836521266e-05,27,1000000,4,"dense_heteroskedastic","balanced","30x30x30",0.020279893390733,0.161180949033823,"unscaled_thinning_comparison",30,8333.33333333333,50,0.8,18.2519040516597,4.83542847101469,3.65767885038033,1.74736564129405
"unscaled","no_thinning",0.017703473647285,0.000284248849286232,9.07980857509688e-05,28,1000000,4,"dense_heteroskedastic","balanced","30x30x30",0.0209633397268605,0.100263526915345,"unscaled_thinning_comparison",30,8333.33333333333,50,0.8,18.8670057541745,3.00790580746034,1.61609864380271,0.981608890857434
"unscaled","thinning",0.0333616591748069,0.000477752168005685,0.000103299166783396,28,1000000,4,"dense_heteroskedastic","balanced","30x30x30",0.0209633397268605,0.100263526915345,"unscaled_thinning_comparison",30,8333.33333333333,50,0.8,18.8670057541745,3.00790580746034,3.04548888097348,1.64984230162549
"unscaled","no_thinning",0.0197825233091976,0.000270839053086601,3.93862909135049e-05,29,1000000,4,"dense_heteroskedastic","balanced","30x30x30",0.0166265448809097,0.108448806588992,"unscaled_thinning_comparison",30,8333.33333333333,50,0.8,14.9638903928187,3.25346419766975,1.80588904346988,1.05022000485493
"unscaled","thinning",0.0326248271770866,0.000430342328659153,5.79859026245552e-05,29,1000000,4,"dense_heteroskedastic","balanced","30x30x30",0.0166265448809097,0.108448806588992,"unscaled_thinning_comparison",30,8333.33333333333,50,0.8,14.9638903928187,3.25346419766975,2.97822562993299,1.66871844124039
"unscaled","no_thinning",0.0163438815454664,0.000223768569799812,2.79202226331561e-05,30,1000000,4,"dense_heteroskedastic","balanced","30x30x30",0.0155677556195005,0.0910860704070433,"unscaled_thinning_comparison",30,8333.33333333333,50,0.8,14.0109800575504,2.7325821122113,1.49198543327405,0.896718413341812
"unscaled","thinning",0.0299951561327664,0.000414044323672118,6.20884199965996e-05,30,1000000,4,"dense_heteroskedastic","balanced","30x30x30",0.0155677556195005,0.0910860704070433,"unscaled_thinning_comparison",30,8333.33333333333,50,0.8,14.0109800575504,2.7325821122113,2.73817060496759,1.65921947532042
